product_name,category,sub_category,supplier_prices,id,created_date,updated_date,created_by_id,created_by,is_sample
"Dermosant Essential 6 Dog 20-40 kg (דרמוסנט אסנשייאל 6 כלב 20-40 ק""ג)",,,"{""מדי-מרקט"":null,""וט-מרקט"":77,""לינביץ"":null,""אמיתי"":null}",696f3f6db8c887e093d28a79,2026-01-20T08:40:13.983000,2026-01-20T08:40:13.983000,68f0e69727b7405c7c9a8ca1,shiraz7743@gmail.com,false
"Dexamethasone 10 mg/1 ml - 1 ampoule (דקסמטזון 10 מ""ג /1 מ""ל - אמפולה 1)",תרופות,סטרואידים ואנטיהיסטמינים,"{""מדי-מרקט"":null,""וט-מרקט"":15,""לינביץ"":null,""אמיתי"":null}",6966077336c29cb5c3cd24a7,2026-01-13T08:50:59.343000,2026-01-13T08:50:59.343000,68f0e69727b7405c7c9a8ca1,shiraz7743@gmail.com,false
"Microscope cover glass 1,000 pcs. (זכוכית מכסה למיקרוסקופ 1,000 יח')",ציוד,ציוד רפואי,"{""מדי-מרקט"":37.8,""וט-מרקט"":null,""לינביץ"":null,""אמיתי"":null}",695a9d38df3a367b4b8b5e3d,2026-01-04T17:02:48.222000,2026-01-04T17:02:48.222000,68f0e69727b7405c7c9a8ca1,shiraz7743@gmail.com,false
"probe cleanser 25 ml (ניקוי בדיקה / למעבדה מינדריי V-P BC 25 מ""ל)",ציוד,ציוד רפואי,"{""מדי-מרקט"":83,""וט-מרקט"":null,""לינביץ"":null,""אמיתי"":null}",695a981226ecce5c9e709031,2026-01-04T16:40:50.603000,2026-01-06T08:35:38.293000,68f0e69727b7405c7c9a8ca1,shiraz7743@gmail.com,false
"Prednisolone 5 mg - 1000 units (פרדניסולון 5 מג - 1,000 יח')",תרופות,סטרואידים ואנטיהיסטמינים,"{""מדי-מרקט"":340,""וט-מרקט"":null,""לינביץ"":null,""אמיתי"":null}",695a8b7f31a1d502d3938e90,2026-01-04T15:47:11.184000,2026-01-04T15:47:11.184000,68f0e69727b7405c7c9a8ca1,shiraz7743@gmail.com,false
"Phenylpropanolamine 50 mg - 100 tablets (פנילפרופנולאמין 50 מ""ג - 100 טבליות)",תרופות,שתן,"{""מדי-מרקט"":null,""וט-מרקט"":135,""לינביץ"":null,""אמיתי"":null}",69528f5744734f34321b6414,2025-12-29T14:25:27.060000,2026-01-13T08:48:40.152000,68f0e69727b7405c7c9a8ca1,shiraz7743@gmail.com,false
שקית הנשמה למכונת הרדמה 0.5 ליטר ללא לטקס מדיקפרו,ציוד,ציוד רפואי,"{""מדי-מרקט"":18.2,""וט-מרקט"":null,""לינביץ"":null,""אמיתי"":null}",69511fc3e1d397041932de0d,2025-12-28T12:17:07.562000,2026-01-04T14:07:43.462000,68f0e69727b7405c7c9a8ca1,shiraz7743@gmail.com,false
Microscope lens wiping paper - rice paper (נייר לניגוב עדשות למיקרוסקופ - נייר אורז),ציוד,ציוד רפואי,"{""מדי-מרקט"":35.7,""וט-מרקט"":null,""לינביץ"":null,""אמיתי"":null}",694bf1e4abf29f224f99e341,2025-12-24T14:00:04.775000,2026-01-05T14:11:34.667000,68f0e69727b7405c7c9a8ca1,shiraz7743@gmail.com,false
Royal Canin Intestinal Puppy Dog 2.5 kg (רויאל קנין אינטסטינל לגור כלב 2.5 קג),מזון,מזון רפואי,"{""מדי-מרקט"":null,""וט-מרקט"":null,""לינביץ"":null,""אמיתי"":null}",69491b8126ee9aca4d5f639a,2025-12-22T10:20:49.839000,2026-01-04T15:53:43.509000,68f0e69727b7405c7c9a8ca1,shiraz7743@gmail.com,false
Royal Canin Instinal for Dogs 2 kg (רויאל קנין אינטסטינל לכלב 2 קג),מזון,מזון רפואי,"{""מדי-מרקט"":null,""וט-מרקט"":null,""לינביץ"":null,""אמיתי"":null}",69491b545ce3aa7a1cf79ff6,2025-12-22T10:20:04.830000,2026-01-05T09:45:17.726000,68f0e69727b7405c7c9a8ca1,shiraz7743@gmail.com,false
wire 0-2 (חוט 0-2) חבילה גדולה 36 יחידות,ציוד,ציוד רפואי,"{""מדי-מרקט"":240,""וט-מרקט"":null,""לינביץ"":null,""אמיתי"":null}",6947e03470ba312e915577a2,2025-12-21T11:55:32.214000,2026-01-04T14:55:00.129000,68f0e69727b7405c7c9a8ca1,shiraz7743@gmail.com,false
I.P.E.D טיפות אוזנים ,,תרופה,"{""מדי-מרקט"":null,""וט-מרקט"":null,""לינביץ"":null,""אמיתי"":null}",69440302169a4721d59da44b,2025-12-18T13:34:58.194000,2026-01-01T11:22:25.127000,68f0e69727b7405c7c9a8ca1,shiraz7743@gmail.com,false
Dectomax 50 ml (דקטומקס 50 מל),,תרופה,"{""מדי-מרקט"":265,""וט-מרקט"":null,""לינביץ"":null,""אמיתי"":null}",6943b67ab9a72a7946ba2cf3,2025-12-18T08:08:26.956000,2026-01-01T11:22:26.152000,68f0e69727b7405c7c9a8ca1,shiraz7743@gmail.com,false
"Phenylpropanolamine 30 mg 100 tab ( פנילפרופנולאמין 30 מ""ג - 100 טבליות) ",,תרופה,"{""מדי-מרקט"":null,""וט-מרקט"":null,""לינביץ"":null,""אמיתי"":null}",69401ba987301015bf0c7983,2025-12-15T14:31:05.855000,2026-01-01T11:22:27.426000,68f0e69727b7405c7c9a8ca1,shiraz7743@gmail.com,false
Tube 5 + balloon (טובוס 5 + בלון),ציוד,ציוד רפואי,"{""מדי-מרקט"":3.5,""וט-מרקט"":null,""לינביץ"":null,""אמיתי"":null}",694002964d14670d100463aa,2025-12-15T12:44:06.609000,2026-01-04T14:57:02.708000,68f0e69727b7405c7c9a8ca1,shiraz7743@gmail.com,false
Thinning comb L (מסרק דילול L),צעצועים,אחר,"{""מדי-מרקט"":null,""וט-מרקט"":null,""לינביץ"":null,""אמיתי"":49.78}",693e7bb29486d10f6f4be407,2025-12-14T08:56:18.724000,2026-01-05T14:08:33.354000,68d7b52d0d33b12757415b50,yuval@ypeleg-eng.co.il,false
Duck Hearts Dog Snack 100 grams (חטיף לכלב לבבות ברווז 100 גרם),מזון,חטיפים,"{""מדי-מרקט"":null,""וט-מרקט"":null,""לינביץ"":null,""אמיתי"":5.34}",693e7b32544a59cd2ab40438,2025-12-14T08:54:10.370000,2026-01-05T14:02:07.841000,68d7b52d0d33b12757415b50,yuval@ypeleg-eng.co.il,false
Chicken Hearts Dog Snack 100 grams (חטיף לכלב לבבות עוף 100 גרם),מזון,חטיפים,"{""מדי-מרקט"":null,""וט-מרקט"":null,""לינביץ"":null,""אמיתי"":5.34}",693e7b1ce58a820a1a9ea203,2025-12-14T08:53:48.375000,2026-01-05T14:02:27.913000,68d7b52d0d33b12757415b50,yuval@ypeleg-eng.co.il,false
Duck and vegetable cloud dog snack 100 grams (חטיף לכלב ענני ברווז וירק 100 גרם),מזון,חטיפים,"{""מדי-מרקט"":null,""וט-מרקט"":null,""לינביץ"":null,""אמיתי"":5.34}",693e7aefc4fef41c132aadf7,2025-12-14T08:53:03.365000,2026-01-05T14:02:55.235000,68d7b52d0d33b12757415b50,yuval@ypeleg-eng.co.il,false
"Dog snack, beef cubes, 100 grams (חטיף לכלב קוביות בקר 100 גרם)",מזון,חטיפים,"{""מדי-מרקט"":null,""וט-מרקט"":null,""לינביץ"":null,""אמיתי"":5.34}",693e7abcc642f43f590ea6a0,2025-12-14T08:52:12.237000,2026-01-05T14:03:28.871000,68d7b52d0d33b12757415b50,yuval@ypeleg-eng.co.il,false
קונג שלישיית כדורי M,צעצועים,משחק,"{""מדי-מרקט"":null,""וט-מרקט"":null,""לינביץ"":null,""אמיתי"":28}",693e78b42f924eabd6b2b221,2025-12-14T08:43:32.099000,2026-01-04T14:04:06.546000,68d7b52d0d33b12757415b50,yuval@ypeleg-eng.co.il,false
Kong Tire M/L (קונג צמיג M/L),צעצועים,משחק,"{""מדי-מרקט"":null,""וט-מרקט"":null,""לינביץ"":null,""אמיתי"":45.04}",693e78345eb3b14cc3a93e0d,2025-12-14T08:41:24.160000,2026-01-05T15:07:59.647000,68d7b52d0d33b12757415b50,yuval@ypeleg-eng.co.il,false
Kong Tire S (קונג צמיג S) ,צעצועים,משחק,"{""מדי-מרקט"":null,""וט-מרקט"":null,""לינביץ"":null,""אמיתי"":33.76}",693e77693d6714ad36766056,2025-12-14T08:38:01.736000,2026-01-05T14:45:22.210000,68d7b52d0d33b12757415b50,yuval@ypeleg-eng.co.il,false
קונג האכלה וובלר S,צעצועים,משחק,"{""מדי-מרקט"":null,""וט-מרקט"":null,""לינביץ"":null,""אמיתי"":46.7}",693e7708f93155b47eddfff4,2025-12-14T08:36:24.359000,2026-01-04T14:03:31.271000,68d7b52d0d33b12757415b50,yuval@ypeleg-eng.co.il,false
"Crunchy Cat Snack 60g, Chicken Flavor, Ampat (חטיף חתולים קראנצ'י 60 גרם בטעם עוף אמפט)",מזון,חטיפים,"{""מדי-מרקט"":null,""וט-מרקט"":null,""לינביץ"":null,""אמיתי"":6}",693e76a52367ba0fa2e520d7,2025-12-14T08:34:45.407000,2026-01-05T14:00:24.896000,68d7b52d0d33b12757415b50,yuval@ypeleg-eng.co.il,false
"Crunchy cat snack 60 grams, tuna flavor, ampate (חטיף חתולים קראנצ'י 60 גרם בטעם טונה אמפט)",מזון,חטיפים,"{""מדי-מרקט"":null,""וט-מרקט"":null,""לינביץ"":null,""אמיתי"":6}",693e7693452c0acd7432f374,2025-12-14T08:34:27.457000,2026-01-05T14:00:02.892000,68d7b52d0d33b12757415b50,yuval@ypeleg-eng.co.il,false
"Crunchy Cat Snack 60g, Duck Flavored, Ampat (חטיף חתולים קראנצ'י 60 גרם בטעם ברווז אמפט)",מזון,חטיפים,"{""מדי-מרקט"":null,""וט-מרקט"":null,""לינביץ"":null,""אמיתי"":6}",693e764656246fcb714b28f1,2025-12-14T08:33:10.050000,2026-01-05T13:59:18.405000,68d7b52d0d33b12757415b50,yuval@ypeleg-eng.co.il,false
Refill bags - 64 rolls Ampat (שקיות מילוי - 64 גלילים אמפט),ציוד,ציוד ניקיון,"{""מדי-מרקט"":null,""וט-מרקט"":null,""לינביץ"":null,""אמיתי"":74.2}",693e75c18873269118ce02cc,2025-12-14T08:30:57.743000,2026-01-06T08:41:39.136000,68d7b52d0d33b12757415b50,yuval@ypeleg-eng.co.il,false
"שמפו רפואי אנטי אלרגני אמפט 250 מ""ל",תכשירים,שמפו,"{""מדי-מרקט"":null,""וט-מרקט"":null,""לינביץ"":null,""אמיתי"":15.4}",693e73e0c29f8433d480e421,2025-12-14T08:22:56.857000,2026-01-04T14:05:00.730000,68d7b52d0d33b12757415b50,yuval@ypeleg-eng.co.il,false
ׁׁׁׁׁׁׁׁׁׁׁׁׂׂׂׂׂׂׂThick adhesive roller for cleaning hairs (רולר דבק עבה לניקוי שערות),ציוד,ציוד ניקיון,"{""מדי-מרקט"":null,""וט-מרקט"":null,""לינביץ"":null,""אמיתי"":10.8}",693e734fc79962098b6838cc,2025-12-14T08:20:31.341000,2026-01-06T08:37:37.467000,68d7b52d0d33b12757415b50,yuval@ypeleg-eng.co.il,false
"Ursolith 100 mg 60 pills (אורסוליט 100 מ""ג 60 כדורים)",,תרופה,"{""מדי-מרקט"":null,""וט-מרקט"":150,""לינביץ"":null,""אמיתי"":null}",693ac92267ae534f87c3303d,2025-12-11T13:37:38.827000,2026-01-01T11:22:42.271000,68f0e69727b7405c7c9a8ca1,shiraz7743@gmail.com,false
"Plaque is 75 mg (פלאק איז 75 מ""ג)",,אחר,"{""מדי-מרקט"":null,""וט-מרקט"":null,""לינביץ"":82,""אמיתי"":null}",693ac7f73b10c3a9a6f4ee46,2025-12-11T13:32:39.233000,2026-01-01T11:22:43.034000,68f0e69727b7405c7c9a8ca1,shiraz7743@gmail.com,false
"Dodecyl 100 mg for injection (דודיסיל 100 מג להזרקה)""""",,תרופה,"{}",693589a85b278514796ad043,2025-12-07T14:05:28.109000,2026-01-01T11:22:46.609000,68d7b52d0d33b12757415b50,yuval@ypeleg-eng.co.il,false
"White cloth plaster 3.75 cm (פלסטר בד לבן 3.75 ס""מ 10 מטר)",ציוד,ציוד רפואי,"{""מדי-מרקט"":10}",693589a85b278514796ad07f,2025-12-07T14:05:28.109000,2026-01-06T08:41:01.418000,68d7b52d0d33b12757415b50,yuval@ypeleg-eng.co.il,false
Microscope surface (משטח למיקרוסקופ),,ציוד רפואי,"{""מדי-מרקט"":17.6}",693589a85b278514796ad045,2025-12-07T14:05:28.109000,2026-01-01T11:22:48.039000,68d7b52d0d33b12757415b50,yuval@ypeleg-eng.co.il,false
cover slide (שקופית כיסוי),,ציוד רפואי,"{}",693589a85b278514796ad046,2025-12-07T14:05:28.109000,2026-01-01T11:22:48.746000,68d7b52d0d33b12757415b50,yuval@ypeleg-eng.co.il,false
"Amlodipine 10 mg - 30 tablets (אמלודיפין 10 מ""ג - 30 טבליות)",תרופות,,"{""מדי-מרקט"":22.5}",693589a85b278514796ad072,2025-12-07T14:05:28.109000,2026-01-06T07:20:26.430000,68d7b52d0d33b12757415b50,yuval@ypeleg-eng.co.il,false
D/D Dog Duck 370 grams (D/D כלב ברווז 370 גרם),מזון,מזון רפואי,"{""מדי-מרקט"":14}",693589a85b278514796ad050,2025-12-07T14:05:28.109000,2026-01-05T09:44:34.534000,68d7b52d0d33b12757415b50,yuval@ypeleg-eng.co.il,false
"pimobendan 1 mg 100 tab (פימובנדן 1 מג 100 טבליות)""""",,תרופה,"{""מדי-מרקט"":200}",693589a85b278514796ad058,2025-12-07T14:05:28.109000,2026-01-01T11:23:03.129000,68d7b52d0d33b12757415b50,yuval@ypeleg-eng.co.il,false
"Mannitol solution 18% - 500 ml (תמיסה מניטול 18% - 500 מל)""""",,תרופה,"{""מדי-מרקט"":50}",693589a85b278514796ad078,2025-12-07T14:05:28.109000,2026-01-01T11:23:25.674000,68d7b52d0d33b12757415b50,yuval@ypeleg-eng.co.il,false
"Ciclosporin 10Mg 100 Tabs (ציקלוספורין 10 מג 100 טבליות)""""",,תרופה,"{}",693589a85b278514796ad086,2025-12-07T14:05:28.109000,2026-01-01T11:23:35.821000,68d7b52d0d33b12757415b50,yuval@ypeleg-eng.co.il,false
"Scissors 14 cm ( מספריים 14 סמ )""""",,ציוד רפואי,"{""מדי-מרקט"":65}",693589a85b278514796ad080,2025-12-07T14:05:28.109000,2026-01-01T11:23:31.514000,68d7b52d0d33b12757415b50,yuval@ypeleg-eng.co.il,false
"Oflex drops 10 ml (טיפות אופלקס 10 מ""ל)",תרופות,עיניים,"{""מדי-מרקט"":24}",693589a85b278514796ad048,2025-12-07T14:05:28.109000,2026-01-04T15:27:20.262000,68d7b52d0d33b12757415b50,yuval@ypeleg-eng.co.il,false
"metronidazole 200 mg 100 tab (מטרונידזול 200 מג 100 טבליות)""""",,תרופה,"{""מדי-מרקט"":100}",693589a85b278514796ad059,2025-12-07T14:05:28.109000,2026-01-01T11:23:03.834000,68d7b52d0d33b12757415b50,yuval@ypeleg-eng.co.il,false
Dolphus Calm 30 tablets for relaxation (דולפוס קלם 30 טבליות להרגעה),תרופות,שיכוך כאבים והרגעה,"{""מדי-מרקט"":48}",693589a85b278514796ad069,2025-12-07T14:05:28.109000,2026-01-04T15:18:09.271000,68d7b52d0d33b12757415b50,yuval@ypeleg-eng.co.il,false
"Ovariectomy hook for cats 14cm (וו כריתת שחלות לחתולים 14סמ)""""",,ציוד רפואי,"{""מדי-מרקט"":85}",693589a85b278514796ad081,2025-12-07T14:05:28.109000,2026-01-01T11:23:32.244000,68d7b52d0d33b12757415b50,yuval@ypeleg-eng.co.il,false
"Phenobarbitone 10 mg/ml 30 ml oral suspension (פנוברביטון 10 מג/מ""""ל 30 מ""""ל תרחיץ פומי)""""",,תכשיר,"{""מדי-מרקט"":70}",693589a85b278514796ad04b,2025-12-07T14:05:28.109000,2026-01-01T11:22:52.254000,68d7b52d0d33b12757415b50,yuval@ypeleg-eng.co.il,false
"Clindamycin 50 mg/ml 30 ml suspension (קלינדמיצין 50 מג/מ""""ל 30 מ""""ל תרחיף)""""",,תרופה,"{""מדי-מרקט"":42}",693589a85b278514796ad063,2025-12-07T14:05:28.109000,2026-01-01T11:23:10.850000,68d7b52d0d33b12757415b50,yuval@ypeleg-eng.co.il,false
"Elizabethan collar 10 cm (קולר אליזבטי 10 ס""מ)",ציוד,ציוד רפואי,"{""מדי-מרקט"":14}",693589a85b278514796ad08a,2025-12-07T14:05:28.109000,2026-01-06T08:39:57.066000,68d7b52d0d33b12757415b50,yuval@ypeleg-eng.co.il,false
תוסף תמיכה בכיליה Naraquin Nutamaxx כלב+ חתול - 60 י'ח,מזון,מזון רפואי,"{""מדי-מרקט"":60}",693589a85b278514796ad056,2025-12-07T14:05:28.109000,2026-01-04T14:08:23.496000,68d7b52d0d33b12757415b50,yuval@ypeleg-eng.co.il,false
KET once a week otic gel - QW (ג'ל לאוזניים KET פעם בשבוע - QW),,תרופה,"{""מדי-מרקט"":39}",693589a85b278514796ad04c,2025-12-07T14:05:28.109000,2026-01-01T11:22:52.961000,68d7b52d0d33b12757415b50,yuval@ypeleg-eng.co.il,false
"50 ml sterile injection bottle (בקבוק 50 מ""ל להזרקה סטרילי)",ציוד,ציוד רפואי,"{""מדי-מרקט"":35}",693589a85b278514796ad06e,2025-12-07T14:05:28.109000,2026-01-05T15:06:19.339000,68d7b52d0d33b12757415b50,yuval@ypeleg-eng.co.il,false
Insoluble salt 0-5 (חוט לא נמס 0-5),,ציוד רפואי,"{}",693589a85b278514796ad047,2025-12-07T14:05:28.109000,2026-01-01T11:22:49.424000,68d7b52d0d33b12757415b50,yuval@ypeleg-eng.co.il,false
"Diltiazem 15 mg 100 tablets (דילטיאזם 15 מג 100 טבליות)""""",,תרופה,"{""מדי-מרקט"":210}",693589a85b278514796ad075,2025-12-07T14:05:28.109000,2026-01-01T11:23:23.604000,68d7b52d0d33b12757415b50,yuval@ypeleg-eng.co.il,false
"Ondansetron 4 mg/2 mg - 5 ampoules (אונדנסטרון 4 מג/2 מ""""ל - 5 אמפלות)""""",,תרופה,"{""מדי-מרקט"":60}",693589a85b278514796ad05a,2025-12-07T14:05:28.109000,2026-01-01T11:23:04.488000,68d7b52d0d33b12757415b50,yuval@ypeleg-eng.co.il,false
"Towel holder 9 cm (מחזיק מגבת 9 סמ)""""",,ציוד רפואי,"{""מדי-מרקט"":38}",693589a85b278514796ad079,2025-12-07T14:05:28.109000,2026-01-01T11:23:26.502000,68d7b52d0d33b12757415b50,yuval@ypeleg-eng.co.il,false
Surgical instrument cleaning brush (מברשת לניקוי כלים כירורגיים),ציוד,ציוד רפואי,"{""מדי-מרקט"":25}",693589a85b278514796ad07a,2025-12-07T14:05:28.109000,2026-01-04T15:00:21.355000,68d7b52d0d33b12757415b50,yuval@ypeleg-eng.co.il,false
Jørgensen Thin Vein Blocker - 2 weeks (חוסם ורידים דק גו'רגנסן - 2 י'ח),,ציוד רפואי,"{""מדי-מרקט"":47}",693589a85b278514796ad073,2025-12-07T14:05:28.109000,2026-01-01T11:23:22.196000,68d7b52d0d33b12757415b50,yuval@ypeleg-eng.co.il,false
Dermosant Essential 6 drops for cats (דרמוסנט אסנשיאל 6 טיפטת לחתול),,אחר,"{""מדי-מרקט"":62}",693589a85b278514796ad06b,2025-12-07T14:05:28.109000,2026-01-01T11:23:16.554000,68d7b52d0d33b12757415b50,yuval@ypeleg-eng.co.il,false
"Codeine phosphate 10 mg 30 ml oral suspension (קודאין פוספט 10 מג 30 מ""""ל תרחיף פומי)""""",,תכשיר,"{""מדי-מרקט"":100}",693589a85b278514796ad077,2025-12-07T14:05:28.109000,2026-01-01T11:23:24.969000,68d7b52d0d33b12757415b50,yuval@ypeleg-eng.co.il,false
"omeprazole 10mg/ml 30ml powder for suspension (אומפרזול 10 מג/מ""""ל 30 מ""""ל אבקה לתרחיף)""""",,תרופה,"{""מדי-מרקט"":50}",693589a85b278514796ad07c,2025-12-07T14:05:28.109000,2026-01-01T11:23:28.727000,68d7b52d0d33b12757415b50,yuval@ypeleg-eng.co.il,false
Otoscope bulb (נורה לאוטוסקופ),,ציוד רפואי,"{""מדי-מרקט"":90}",693589a85b278514796ad060,2025-12-07T14:05:28.109000,2026-01-01T11:23:08.722000,68d7b52d0d33b12757415b50,yuval@ypeleg-eng.co.il,false
"Malak Shampoo 236 ml (שמפו מלאקט 236 מל)""""",,תכשיר,"{""מדי-מרקט"":63}",693589a85b278514796ad057,2025-12-07T14:05:28.109000,2026-01-01T11:23:02.374000,68d7b52d0d33b12757415b50,yuval@ypeleg-eng.co.il,false
Superflex GLM (סופרפלקס 90 טבליות GLM),,תרופה,"{""מדי-מרקט"":130}",693589a85b278514796ad076,2025-12-07T14:05:28.109000,2026-01-01T11:23:24.298000,68d7b52d0d33b12757415b50,yuval@ypeleg-eng.co.il,false
"Cytopoint 10 mg/ml 1 ml (ציטופוינט 10 מג/מ""""ל 1 מ""""ל)""""",,אחר,"{""מדי-מרקט"":405}",693589a85b278514796ad066,2025-12-07T14:05:28.109000,2026-01-01T11:23:13.008000,68d7b52d0d33b12757415b50,yuval@ypeleg-eng.co.il,false
"Rimadyl 50 mg 100 tablets (רימדיל 50 מג 100 טבליות)""""",,תרופה,"{""מדי-מרקט"":320}",693589a85b278514796ad03f,2025-12-07T14:05:28.109000,2026-01-01T11:22:43.714000,68d7b52d0d33b12757415b50,yuval@ypeleg-eng.co.il,false
Metronidazole 10% for injection (מטונידזול 10% להזרקה),,תרופה,"{}",693589a85b278514796ad042,2025-12-07T14:05:28.109000,2026-01-01T11:22:45.859000,68d7b52d0d33b12757415b50,yuval@ypeleg-eng.co.il,false
"clsaprlde 2.5 mg 100 tab (קלספרלד 2.5 מג 100 טבליות)""""",,תרופה,"{}",693589a85b278514796ad040,2025-12-07T14:05:28.109000,2026-01-01T11:22:44.417000,68d7b52d0d33b12757415b50,yuval@ypeleg-eng.co.il,false
"Levothyroxine 0.8 mg 100 tav (לווטירוקסין 0.8 מג 100 טבליות)""""",,תרופה,"{""מדי-מרקט"":null,""וט-מרקט"":150}",693589a85b278514796ad04d,2025-12-07T14:05:28.109000,2026-01-01T11:22:53.662000,68d7b52d0d33b12757415b50,yuval@ypeleg-eng.co.il,false
"Sarnia 16 mg 4 tablets (סרניה 16 מ""ג 4 טבליות)",,תרופה,"{""מדי-מרקט"":89}",693589a85b278514796ad06d,2025-12-07T14:05:28.109000,2026-01-06T08:33:01.564000,68d7b52d0d33b12757415b50,yuval@ypeleg-eng.co.il,false
"Milpro Dog 12.5 mg/125 mg - 48 tablets (מילפרו כלב 12.5 מג/125 מ""""ג - 48 טבליות)""""",,תרופה,"{""מדי-מרקט"":610}",693589a85b278514796ad051,2025-12-07T14:05:28.109000,2026-01-01T11:22:57.360000,68d7b52d0d33b12757415b50,yuval@ypeleg-eng.co.il,false
K/D ) Dog 350 gramsK/D כלב 350 גרם -ראנל),מזון,מזון רפואי,"{""מדי-מרקט"":13.2}",693589a85b278514796ad064,2025-12-07T14:05:28.109000,2026-01-05T09:44:55.627000,68d7b52d0d33b12757415b50,yuval@ypeleg-eng.co.il,false
"Azithromycin 50 mg 30 tablets (אזיטרומיצין 50 מ""ג 30 טבליות)",תרופות,אנטיביוטיקה,"{""מדי-מרקט"":85}",693589a85b278514796ad068,2025-12-07T14:05:28.109000,2026-01-06T07:17:00.661000,68d7b52d0d33b12757415b50,yuval@ypeleg-eng.co.il,false
Penrose Drain Latex Tube Ster - Drain - 1 (פנרוס דריין צינור לטקס סטר' - נקז  - 1),ציוד,ציוד רפואי,"{""מדי-מרקט"":3.5}",693589a85b278514796ad088,2025-12-07T14:05:28.109000,2026-01-05T15:07:24.817000,68d7b52d0d33b12757415b50,yuval@ypeleg-eng.co.il,false
"Frontline spray 250 ml (פרונטליין ספריי 250 מל)""""",,אחר,"{""מדי-מרקט"":125}",693589a85b278514796ad06f,2025-12-07T14:05:28.109000,2026-01-01T11:23:19.346000,68d7b52d0d33b12757415b50,yuval@ypeleg-eng.co.il,false
"Estriol 1 mg 100 tablets (אסטריול 1 מ""ג 100 טבליות)",תרופות,תרופות שונות,"{""מדי-מרקט"":200}",693589a85b278514796ad084,2025-12-07T14:05:28.109000,2026-01-06T07:20:05.548000,68d7b52d0d33b12757415b50,yuval@ypeleg-eng.co.il,false
"Elizabethan collar 7.5 cm (קולר אליזבטי 7.5 סמ)""""",,ציוד רפואי,"{""מדי-מרקט"":10}",693589a85b278514796ad08c,2025-12-07T14:05:28.109000,2026-01-01T11:23:41.378000,68d7b52d0d33b12757415b50,yuval@ypeleg-eng.co.il,false
"Dog 4 kg (K/D לכלב 4 קג) """"",מזון,מזון רפואי,"{""מדי-מרקט"":172}",693589a85b278514796ad070,2025-12-07T14:05:28.109000,2026-01-05T09:45:26.236000,68d7b52d0d33b12757415b50,yuval@ypeleg-eng.co.il,false
"Marbofloxacin 100 mg 50 tablets (מרבופלוקסצין 100 מג 50 טבליות)""""",,תרופה,"{""מדי-מרקט"":290}",693589a85b278514796ad05b,2025-12-07T14:05:28.109000,2026-01-01T11:23:05.199000,68d7b52d0d33b12757415b50,yuval@ypeleg-eng.co.il,false
Aransap 40 ( אראנספ 40 - 1 י'ח ),תרופות,,"{""מדי-מרקט"":245}",693589a85b278514796ad053,2025-12-07T14:05:28.109000,2026-01-04T14:13:50.061000,68d7b52d0d33b12757415b50,yuval@ypeleg-eng.co.il,false
"mirtazapine 3.75 mg (מירטזפין 3.75 מג - כדורים)""""",,תרופה,"{}",693589a85b278514796ad041,2025-12-07T14:05:28.109000,2026-01-01T11:22:45.130000,68d7b52d0d33b12757415b50,yuval@ypeleg-eng.co.il,false
"Elizabethan collar 20 cm (קולר אליזבטי 20 ס""מ)",ציוד,ציוד רפואי,"{""מדי-מרקט"":21}",693589a85b278514796ad08b,2025-12-07T14:05:28.109000,2026-01-06T08:40:16.834000,68d7b52d0d33b12757415b50,yuval@ypeleg-eng.co.il,false
"Sorolin ear drops 15 ml (סורולן טיפות אוזניים 15 מל)""""",,תרופה,"{""מדי-מרקט"":46}",693589a85b278514796ad061,2025-12-07T14:05:28.109000,2026-01-01T11:23:09.408000,68d7b52d0d33b12757415b50,yuval@ypeleg-eng.co.il,false
"Levothyroxine 0.5 mg 100 tav (לווטירוקסין 0.5 מג 100 טבליות)""""",,תרופה,"{}",693589a85b278514796ad08d,2025-12-07T14:05:28.109000,2026-01-01T11:23:42.104000,68d7b52d0d33b12757415b50,yuval@ypeleg-eng.co.il,false
Mini Wireback Chips 10 pcs (שבבי מיני וירבק 10 יח ),,ציוד רפואי,"{""מדי-מרקט"":8.9,""וט-מרקט"":null}",693589a85b278514796ad04a,2025-12-07T14:05:28.109000,2026-01-01T11:22:51.535000,68d7b52d0d33b12757415b50,yuval@ypeleg-eng.co.il,false
"Prednisolone syrup 20 mg/ml 20 ml (סירופ פרדניזולון 20 מג/מ""""ל 20 מ""""ל)""""",,תרופה,"{""מדי-מרקט"":36}",693589a85b278514796ad074,2025-12-07T14:05:28.109000,2026-01-01T11:23:22.899000,68d7b52d0d33b12757415b50,yuval@ypeleg-eng.co.il,false
"Z/D Dog 3 kg (Z/D כלב 3 קג)""""",מזון,מזון רפואי,"{""מדי-מרקט"":171}",693589a85b278514796ad04f,2025-12-07T14:05:28.109000,2026-01-05T09:45:35.199000,68d7b52d0d33b12757415b50,yuval@ypeleg-eng.co.il,false
"merzenbaum scissors 15 cm cvd (מספריים מרזנבאום 15 סמ CVD)""""",,ציוד רפואי,"{""מדי-מרקט"":65}",693589a85b278514796ad049,2025-12-07T14:05:28.109000,2026-01-01T11:22:50.844000,68d7b52d0d33b12757415b50,yuval@ypeleg-eng.co.il,false
"Cytopoint 40 mg/ml 1 ml (ציטופוינט 40 מג/מ""""ל 1 מ"""")""""",,אחר,"{""מדי-מרקט"":1160}",693589a85b278514796ad06c,2025-12-07T14:05:28.109000,2026-01-01T11:23:17.246000,68d7b52d0d33b12757415b50,yuval@ypeleg-eng.co.il,false
W.A Otoscope Head (ראש אוטוסקופ W.A),ציוד,ציוד רפואי,"{""מדי-מרקט"":850}",693589a85b278514796ad05d,2025-12-07T14:05:28.109000,2026-01-04T14:56:07.698000,68d7b52d0d33b12757415b50,yuval@ypeleg-eng.co.il,false
Profiber 500 mg ׁׁ(פרופייבר 500 מ״גׁׁׁׁׁׂׂ),מזון,מזון רפואי,"{}",693589a85b278514796ad08e,2025-12-07T14:05:28.109000,2026-01-05T15:04:57.598000,68d7b52d0d33b12757415b50,yuval@ypeleg-eng.co.il,false
"Cisapride 2.5 mg 100 tablets (ציסאפריד 2.5 מג 100 טבליות )""""",,תרופה,"{""מדי-מרקט"":200}",693589a85b278514796ad067,2025-12-07T14:05:28.109000,2026-01-01T11:23:13.709000,68d7b52d0d33b12757415b50,yuval@ypeleg-eng.co.il,false
proBNP- סנאפ חתול 5 בדיקות,,ציוד רפואי,"{""מדי-מרקט"":null,""וט-מרקט"":447}",693589a85b278514796ad085,2025-12-07T14:05:28.109000,2026-01-13T08:47:36.307000,68d7b52d0d33b12757415b50,yuval@ypeleg-eng.co.il,false
"0.9% Saline Solution - 1000 ml (תמיסה סליין 0.9% - 1000 מ""ל)",תרופות,תרופות בהזרקה,"{""מדי-מרקט"":9}",693589a85b278514796ad04e,2025-12-07T14:05:28.109000,2026-01-05T15:06:17.093000,68d7b52d0d33b12757415b50,yuval@ypeleg-eng.co.il,false
חול Kit4Cat,ציוד,ציוד רפואי,"{""מדי-מרקט"":35}",693589a85b278514796ad06a,2025-12-07T14:05:28.109000,2026-01-05T15:06:33.007000,68d7b52d0d33b12757415b50,yuval@ypeleg-eng.co.il,false
"Autoclave envelopes for sterilization 360X190 mm 200 pcs (מעטפות לאוטוקלאב לסטריליזציה 360X190 מ""מ 200 יח')",ציוד,ציוד רפואי,"{""מדי-מרקט"":90}",693589a85b278514796ad087,2025-12-07T14:05:28.109000,2026-01-05T14:09:09.039000,68d7b52d0d33b12757415b50,yuval@ypeleg-eng.co.il,false
"Doxycycline 100 mg 100 tablets (דוקסיציקלין 100 מג 100 טבליות)""""",,תרופה,"{""מדי-מרקט"":130}",693589a85b278514796ad052,2025-12-07T14:05:28.109000,2026-01-01T11:22:58.035000,68d7b52d0d33b12757415b50,yuval@ypeleg-eng.co.il,false
"Phenylpropanolamine hydrochloride 50 mg - 100 IU (פנילפרופנולמין הידרוכלוריד 50 מג - 100 י'ח)""""",,אחר,"{""מדי-מרקט"":150}",693589a85b278514796ad07d,2025-12-07T14:05:28.109000,2026-01-01T11:23:29.411000,68d7b52d0d33b12757415b50,yuval@ypeleg-eng.co.il,false
Otoscope Speculum Set (סט ספקולות לאוטוסקופ),,ציוד רפואי,"{""מדי-מרקט"":130}",693589a85b278514796ad05c,2025-12-07T14:05:28.109000,2026-01-01T11:23:05.936000,68d7b52d0d33b12757415b50,yuval@ypeleg-eng.co.il,false
"Regular food for adult dogs, large chicken flavor, 3 kg (אוכל רגיל לכלב בוגר טעם עוף גדול 3 קג )""""",,מזון,"{""מדי-מרקט"":102}",693589a85b278514796ad07e,2025-12-07T14:05:28.109000,2026-01-01T11:23:30.086000,68d7b52d0d33b12757415b50,yuval@ypeleg-eng.co.il,false
Dasuquin Nutramax Joint Supplement for Large Dogs - 84 Snacks (תוסף מפרק  Dasuquin Nutramax לכלב גדול -  84 חטיפים),מזון,מזון רפואי,"{""מדי-מרקט"":178}",693589a85b278514796ad055,2025-12-07T14:05:28.109000,2026-01-05T14:07:32.186000,68d7b52d0d33b12757415b50,yuval@ypeleg-eng.co.il,false
"Pantoprazole 40 mg for injection - Contraloc/Osron (פנטופרזול 40 מג להזרקה - קונטרלוק/אוסרון)""""",,תרופה,"{""מדי-מרקט"":12}",693589a85b278514796ad054,2025-12-07T14:05:28.109000,2026-01-01T11:23:00.332000,68d7b52d0d33b12757415b50,yuval@ypeleg-eng.co.il,false
Nobivac KC vaccine 1 dose (תרכיב נוביווק KC 1 מנה),,תרופה,"{""מדי-מרקט"":49}",693589a85b278514796ad071,2025-12-07T14:05:28.109000,2026-01-01T11:23:20.768000,68d7b52d0d33b12757415b50,yuval@ypeleg-eng.co.il,false
micro haematocrit tubes (צינורות מיקרו המטוקריט - קפילרות),ציוד,ציוד רפואי,"{""מדי-מרקט"":18}",693589a85b278514796ad044,2025-12-07T14:05:28.109000,2026-01-04T16:19:00.268000,68d7b52d0d33b12757415b50,yuval@ypeleg-eng.co.il,false
"Cortevance Topical Spray - Virbac 76 ml (קורטבנס תרסיס טופיקלי - וירבק 76 מל)""""",תכשירים,טיפול מונע,"{""מדי-מרקט"":100}",693589a85b278514796ad065,2025-12-07T14:05:28.109000,2026-01-04T14:53:55.117000,68d7b52d0d33b12757415b50,yuval@ypeleg-eng.co.il,false
"Dermosant Essential 6 Dog 20-40 kg (דרמוסנט אסנשיאל 6 כלב 20-40 קג)""""",,אחר,"{""מדי-מרקט"":77}",693589a85b278514796ad05f,2025-12-07T14:05:28.109000,2026-01-01T11:23:08.052000,68d7b52d0d33b12757415b50,yuval@ypeleg-eng.co.il,false
Cosequin Nutamax Joint Supplement for Dogs 120 Snacks (תוסף מפרק Cosequin Nutamax לכלב 120 חטיפים),מזון,מזון רפואי,"{""מדי-מרקט"":187}",693589a85b278514796ad07b,2025-12-07T14:05:28.109000,2026-01-05T14:07:53.754000,68d7b52d0d33b12757415b50,yuval@ypeleg-eng.co.il,false
Handle for otoscope/ophthalmoscope (ידית לאוטוסקופ/אופטלמוסקופ),,ציוד רפואי,"{""מדי-מרקט"":713}",693589a85b278514796ad05e,2025-12-07T14:05:28.109000,2026-01-01T11:23:07.383000,68d7b52d0d33b12757415b50,yuval@ypeleg-eng.co.il,false
"Levothyroxine 0.6 mg 100 tav (לווטירוקסין 0.6 מ""ג 100 טבליות)",,תרופה,"{""מדי-מרקט"":null,""וט-מרקט"":140}",693589a85b278514796ad062,2025-12-07T14:05:28.109000,2026-01-06T08:29:36.390000,68d7b52d0d33b12757415b50,yuval@ypeleg-eng.co.il,false
Toboss Cruise 8.5 + Balloon (טובוס קרוז 8.5 + בלון),ציוד,ציוד רפואי,"{""מדי-מרקט"":10}",693589a85b278514796ad082,2025-12-07T14:05:28.109000,2026-01-04T14:57:42.794000,68d7b52d0d33b12757415b50,yuval@ypeleg-eng.co.il,false
Sterile 6.5 surgical gloves (כפפות ניתוח 6.5 סטריליות),ציוד,ציוד רפואי,"{""מדי-מרקט"":1.5}",693589a85b278514796ad08f,2025-12-07T14:05:28.109000,2026-01-04T16:52:44.238000,68d7b52d0d33b12757415b50,yuval@ypeleg-eng.co.il,false
"Norocarp 100 mg - 100 tablets (נורוקארפ 100 מג - 100 טבליות)""""",,אחר,"{""מדי-מרקט"":240}",693589a85b278514796ad083,2025-12-07T14:05:28.109000,2026-01-01T11:23:33.669000,68d7b52d0d33b12757415b50,yuval@ypeleg-eng.co.il,false
FIV AIDS Kit (קיט איידס FIV),,ציוד רפואי,"{}",693589a85b278514796acff5,2025-12-07T14:05:28.108000,2026-01-01T11:23:49.020000,68d7b52d0d33b12757415b50,yuval@ypeleg-eng.co.il,false
"Ketamine (קטמין 10 מל)""""",,תרופה,"{""מדי-מרקט"":45}",693589a85b278514796acff4,2025-12-07T14:05:28.108000,2026-01-01T11:23:48.314000,68d7b52d0d33b12757415b50,yuval@ypeleg-eng.co.il,false
Foodis Duck Bites Snack 100 grams (חטיף פודיס נגיסי ברווז 100 גרם),מזון,חטיפים,"{""מדי-מרקט"":6}",693589a85b278514796ad021,2025-12-07T14:05:28.108000,2026-01-05T14:06:28.973000,68d7b52d0d33b12757415b50,yuval@ypeleg-eng.co.il,false
Prednicare 5Mg - 1000 tabs (פרדניקר טבליות),,ציוד רפואי,"{""מדי-מרקט"":340}",693589a85b278514796ad027,2025-12-07T14:05:28.108000,2026-01-01T11:24:22.105000,68d7b52d0d33b12757415b50,yuval@ypeleg-eng.co.il,false
משחת שיניים 100 גרם - C.E.T VIBRAC,תכשירים,משחת שיניים,"{""מדי-מרקט"":43}",693589a85b278514796ad037,2025-12-07T14:05:28.108000,2026-01-05T15:06:36.230000,68d7b52d0d33b12757415b50,yuval@ypeleg-eng.co.il,false
pres10+hydro 20,,תרופה,"{}",693589a85b278514796ad01f,2025-12-07T14:05:28.108000,2026-01-01T11:24:17.143000,68d7b52d0d33b12757415b50,yuval@ypeleg-eng.co.il,false
"Enrofloxacin 5% 100 ml for injection (אנרופלוקססין 5% 100 מל להזרקה)""""",,תרופה,"{""מדי-מרקט"":120}",693589a85b278514796ad02d,2025-12-07T14:05:28.108000,2026-01-01T11:24:26.230000,68d7b52d0d33b12757415b50,yuval@ypeleg-eng.co.il,false
"Fiberplex 15ml (פייברפלקס מל )""""",מזון,מזון רפואי,"{""לינביץ"":40}",693589a85b278514796ad030,2025-12-07T14:05:28.108000,2026-01-04T15:21:56.543000,68d7b52d0d33b12757415b50,yuval@ypeleg-eng.co.il,false
Large elastic bandage (תחבושת אלסטית גדולה),,ציוד רפואי,"{}",693589a85b278514796ad00b,2025-12-07T14:05:28.108000,2026-01-01T11:24:04.277000,68d7b52d0d33b12757415b50,yuval@ypeleg-eng.co.il,false
Toboss Cruise 3.5 + Balloon (טובוס קרוז  3.5 + בלון),ציוד,ציוד רפואי,"{""מדי-מרקט"":10}",693589a85b278514796ad01a,2025-12-07T14:05:28.108000,2026-01-04T14:57:35,68d7b52d0d33b12757415b50,yuval@ypeleg-eng.co.il,false
Latex gloves 100 pcs - S (כפפות לטקס 100 יח' - S),ציוד,ציוד רפואי,"{""מדי-מרקט"":16}",693589a85b278514796ad023,2025-12-07T14:05:28.108000,2026-01-04T15:47:31.063000,68d7b52d0d33b12757415b50,yuval@ypeleg-eng.co.il,false
"Levothyroxine 0.1 mg 100 tav (לווטירוקסין  0.1  מג 100 טבליות)""""",,תרופה,"{""מדי-מרקט"":null,""וט-מרקט"":130,""לינביץ"":null}",693589a85b278514796ad01e,2025-12-07T14:05:28.108000,2026-01-01T11:24:16.440000,68d7b52d0d33b12757415b50,yuval@ypeleg-eng.co.il,false
Dolvit Cayenne 90 pes (דולוויט קאיין 90 יחידות),,תכשיר,"{}",693589a85b278514796ad036,2025-12-07T14:05:28.108000,2026-01-01T11:24:32.530000,68d7b52d0d33b12757415b50,yuval@ypeleg-eng.co.il,false
"Tacrolimus 0.03 ophthalmic solution 10 ml (תמיסה אופטלמית טקרולימוס 0.03 10 מל)""""",,תרופה,"{""מדי-מרקט"":180}",693589a85b278514796ad018,2025-12-07T14:05:28.108000,2026-01-01T11:24:12.252000,68d7b52d0d33b12757415b50,yuval@ypeleg-eng.co.il,false
"Pred 10 mg + Hydro' 20 mg 100 tabs (פרד 10 מג + הידרו 20 מ""""ג טבליות)""""",,תרופה,"{""מדי-מרקט"":260}",693589a85b278514796ad035,2025-12-07T14:05:28.108000,2026-01-01T11:24:31.856000,68d7b52d0d33b12757415b50,yuval@ypeleg-eng.co.il,false
Yellow catheter - dog 6FG (קטטר צהוב - כלב 6FG),,ציוד רפואי,"{""מדי-מרקט"":250}",693589a85b278514796acff3,2025-12-07T14:05:28.108000,2026-01-01T11:23:47.621000,68d7b52d0d33b12757415b50,yuval@ypeleg-eng.co.il,false
"Nexgard 10-25 kg for dogs (נקסגארד 10-25 קג לכלב)""""",,תכשיר,"{}",693589a85b278514796ad038,2025-12-07T14:05:28.108000,2026-01-01T11:24:33.894000,68d7b52d0d33b12757415b50,yuval@ypeleg-eng.co.il,false
Foodis Lamb and Cod Bites Snack - 80 grams (חטיף פודיס נגיסי כבש ודג קוד - 80 גרם),מזון,חטיפים,"{""מדי-מרקט"":5}",693589a85b278514796ad020,2025-12-07T14:05:28.108000,2026-01-05T14:07:10.691000,68d7b52d0d33b12757415b50,yuval@ypeleg-eng.co.il,false
Tube 3 + balloon (טובוס 3 + בלון),ציוד,ציוד רפואי,"{""מדי-מרקט"":10}",693589a85b278514796ad019,2025-12-07T14:05:28.108000,2026-01-04T14:57:11.206000,68d7b52d0d33b12757415b50,yuval@ypeleg-eng.co.il,false
Antimicrobial Shampoo – Hex-4-Derm (שמפו אנטי מיקרוביאלי – הקס- 4-דרם),תכשירים,שמפו,"{}",693589a85b278514796ad006,2025-12-07T14:05:28.108000,2026-01-04T14:11:37.482000,68d7b52d0d33b12757415b50,yuval@ypeleg-eng.co.il,false
Red catheter - dog (קטטר אדום - כלב),,ציוד רפואי,"{""מדי-מרקט"":25}",693589a85b278514796acfee,2025-12-07T14:05:28.108000,2026-01-01T11:23:44.186000,68d7b52d0d33b12757415b50,yuval@ypeleg-eng.co.il,false
"Tranexamic - Med for injection 100 mg - 5 ampoules (טרנקסמיק - מדו להזרקה 100 מג -5 אמפולות)""""",,תרופה,"{}",693589a85b278514796ad02a,2025-12-07T14:05:28.108000,2026-01-01T11:24:24.769000,68d7b52d0d33b12757415b50,yuval@ypeleg-eng.co.il,false
Dermosant Spot On 6 - 4 pcs (דרמוסנט ספוט און 6 - 4 יח),,אחר,"{}",693589a85b278514796ad034,2025-12-07T14:05:28.108000,2026-01-01T11:24:31.187000,68d7b52d0d33b12757415b50,yuval@ypeleg-eng.co.il,false
"pethidine 50 mg/ml (פטידין 50 מג/מ""""ל)""""",,תרופה,"{}",693589a85b278514796ad02b,2025-12-07T14:05:28.108000,2026-01-01T11:24:25.513000,68d7b52d0d33b12757415b50,yuval@ypeleg-eng.co.il,false
"Ciclosporin 28Mg 100 Tabs (ציקלוספורין 28 מג 100 טבליות)""""",,תרופה,"{""מדי-מרקט"":220}",693589a85b278514796ad010,2025-12-07T14:05:28.108000,2026-01-01T11:24:07.361000,68d7b52d0d33b12757415b50,yuval@ypeleg-eng.co.il,false
White catheter - dog (קטטר לבן - כלב),ציוד,ציוד רפואי,"{}",693589a85b278514796acff2,2025-12-07T14:05:28.108000,2026-01-04T14:55:53.739000,68d7b52d0d33b12757415b50,yuval@ypeleg-eng.co.il,false
"Nexguard Combo Cat Less 2.5 (נקסגארד קומבו חתול פחות 2.5 ק""ג )",,תכשיר,"{""מדי-מרקט"":null,""לינביץ"":179}",693589a85b278514796ad039,2025-12-07T14:05:28.108000,2026-01-13T06:36:55.744000,68d7b52d0d33b12757415b50,yuval@ypeleg-eng.co.il,false
Bolvia - removes and prevents fur balls (בולוויה - מסלק ומונע כדורי פרווה),תכשירים,אחר,"{""לינביץ"":58}",693589a85b278514796ad032,2025-12-07T14:05:28.108000,2026-01-04T14:17:58.818000,68d7b52d0d33b12757415b50,yuval@ypeleg-eng.co.il,false
Kit Ziardia (קיט זיארדיה),,ציוד רפואי,"{}",693589a85b278514796acff6,2025-12-07T14:05:28.108000,2026-01-01T11:23:49.690000,68d7b52d0d33b12757415b50,yuval@ypeleg-eng.co.il,false
Paraffin oil (שמן פרפין),,ציוד רפואי,"{}",693589a85b278514796ad005,2025-12-07T14:05:28.108000,2026-01-01T11:24:00.065000,68d7b52d0d33b12757415b50,yuval@ypeleg-eng.co.il,false
industrial paper (נייר תעשייתי),ציוד,ציוד רפואי,"{""מדי-מרקט"":null,""וט-מרקט"":45}",693589a85b278514796ad00d,2025-12-07T14:05:28.108000,2026-01-04T16:46:27.169000,68d7b52d0d33b12757415b50,yuval@ypeleg-eng.co.il,false
"Waco + Serum 5 ml Yellow Test Tubes - 50 pcs ( מבחנות וואקו' + סרום 5 מ""ל צהוב - 50 יח')",ציוד,ציוד רפואי,"{""מדי-מרקט"":3.71}",693589a85b278514796ad024,2025-12-07T14:05:28.108000,2026-01-04T15:37:58.564000,68d7b52d0d33b12757415b50,yuval@ypeleg-eng.co.il,false
"Cardisor 2.5 mg (קרדישור 2.5 מג)""""",,תרופה,"{""מדי-מרקט"":270}",693589a85b278514796acffe,2025-12-07T14:05:28.108000,2026-01-01T11:23:55.291000,68d7b52d0d33b12757415b50,yuval@ypeleg-eng.co.il,false
"Cardiosure 10 mg (קרדיוסור 10 מג - 100 טבליות)""""",,תרופה,"{""מדי-מרקט"":370}",693589a85b278514796acffd,2025-12-07T14:05:28.108000,2026-01-01T11:23:54.581000,68d7b52d0d33b12757415b50,yuval@ypeleg-eng.co.il,false
"Rimadyl 50 mg injection (רימדיל 50 מג הזרקה)""""",,תרופה,"{""מדי-מרקט"":150}",693589a85b278514796ad002,2025-12-07T14:05:28.108000,2026-01-01T11:23:57.977000,68d7b52d0d33b12757415b50,yuval@ypeleg-eng.co.il,false
Dolpus Tablets Against Eating Feces 90 Tablets ( דולפוס טבליות נגד אכילת צואה 90 י'ח),,תרופה,"{""מדי-מרקט"":50}",693589a85b278514796ad01b,2025-12-07T14:05:28.108000,2026-01-01T11:24:14.363000,68d7b52d0d33b12757415b50,yuval@ypeleg-eng.co.il,false
שעלת KC,תרופות,תרופות בהזרקה,"{}",693589a85b278514796ad009,2025-12-07T14:05:28.108000,2026-01-04T14:05:10.767000,68d7b52d0d33b12757415b50,yuval@ypeleg-eng.co.il,false
White catheter - Cat 4FG (קטטר לבן - חתול 4FG),ציוד,ציוד רפואי,"{""מדי-מרקט"":28}",693589a85b278514796acff1,2025-12-07T14:05:28.108000,2026-01-04T14:56:00.552000,68d7b52d0d33b12757415b50,yuval@ypeleg-eng.co.il,false
"maropitant cltrate 60 mg (מרופיטנט קלטרט 60 מג כדורים)""""",,תרופה,"{""מדי-מרקט"":160}",693589a85b278514796ad03e,2025-12-07T14:05:28.108000,2026-01-01T11:24:38.436000,68d7b52d0d33b12757415b50,yuval@ypeleg-eng.co.il,false
Foodis Snack Sticks Chicken and Beef Skin - 100 grams (חטיף פודיס מקלוני לעיסה עוף ועור בקר - 100 גרם),מזון,חטיפים,"{""מדי-מרקט"":7}",693589a85b278514796ad014,2025-12-07T14:05:28.108000,2026-01-04T15:22:40.744000,68d7b52d0d33b12757415b50,yuval@ypeleg-eng.co.il,false
"White cloth plaster 2.5 cm - 5 meters (פלסטר בד לבן 2.5 ס""מ - 5 מטר )",ציוד,ציוד רפואי,"{""מדי-מרקט"":7.92}",693589a85b278514796ad011,2025-12-07T14:05:28.108000,2026-01-04T15:45:59.994000,68d7b52d0d33b12757415b50,yuval@ypeleg-eng.co.il,false
"Canidryl Snap 100 Mg 100 Tabs For Dogs (קנידריל 100 מ""ג 100 טבליות לכלבים)",תרופות,שיכוך כאבים והרגעה,"{""מדי-מרקט"":199}",693589a85b278514796acffb,2025-12-07T14:05:28.108000,2026-01-04T15:25:34.927000,68d7b52d0d33b12757415b50,yuval@ypeleg-eng.co.il,false
"cllndamycln 220 mg (קלנדאמיקלן 220 מג כדורים)""""",,תרופה,"{}",693589a85b278514796ad03d,2025-12-07T14:05:28.108000,2026-01-01T11:24:37.705000,68d7b52d0d33b12757415b50,yuval@ypeleg-eng.co.il,false
"Clindamycin 220 mg (קלינדמציין 220 מג)""""",,תרופה,"{""מדי-מרקט"":170}",693589a85b278514796acffa,2025-12-07T14:05:28.108000,2026-01-01T11:23:52.463000,68d7b52d0d33b12757415b50,yuval@ypeleg-eng.co.il,false
"Herbderm Shampoo 250ml (הרבדרם שמפו 250 מל)""""",,תכשיר,"{}",693589a85b278514796ad02f,2025-12-07T14:05:28.108000,2026-01-01T11:24:27.841000,68d7b52d0d33b12757415b50,yuval@ypeleg-eng.co.il,false
Schepedal 100 pcs (שפדל 100 יח'),ציוד,ציוד רפואי,"{""מדי-מרקט"":4.5}",693589a85b278514796ad00a,2025-12-07T14:05:28.108000,2026-01-04T16:45:23.310000,68d7b52d0d33b12757415b50,yuval@ypeleg-eng.co.il,false
"Ronip Ear Drops 15 ML (טיפות אוזניים רוניפ 15 מ""ל)",תרופות,עיניים,"{""מדי-מרקט"":23}",693589a85b278514796ad001,2025-12-07T14:05:28.108000,2026-01-04T16:49:37.995000,68d7b52d0d33b12757415b50,yuval@ypeleg-eng.co.il,false
Dust off plaque (פלאק אוף אבקה),,תכשיר,"{}",693589a85b278514796ad02e,2025-12-07T14:05:28.108000,2026-01-01T11:24:26.960000,68d7b52d0d33b12757415b50,yuval@ypeleg-eng.co.il,false
Kit Pervo (קיט פרוו),,ציוד רפואי,"{}",693589a85b278514796acff7,2025-12-07T14:05:28.108000,2026-01-01T11:23:50.396000,68d7b52d0d33b12757415b50,yuval@ypeleg-eng.co.il,false
urine kit (קיט שתן),ציוד,ציוד רפואי,"{""מדי-מרקט"":74}",693589a85b278514796acff8,2025-12-07T14:05:28.108000,2026-01-04T14:56:49.800000,68d7b52d0d33b12757415b50,yuval@ypeleg-eng.co.il,false
"אסיוול 10 מ""ג/2 מ""ל (10 אמפ')",תרופות,שיכוך כאבים והרגעה,"{""מדי-מרקט"":30}",693589a85b278514796ad022,2025-12-07T14:05:28.108000,2026-01-05T15:06:31.148000,68d7b52d0d33b12757415b50,yuval@ypeleg-eng.co.il,false
"Dectomax 500 ml (דקטומקס 500 מל)""""",,תרופה,"{""מדי-מרקט"":1750}",693589a85b278514796ad01c,2025-12-07T14:05:28.108000,2026-01-01T11:24:15.078000,68d7b52d0d33b12757415b50,yuval@ypeleg-eng.co.il,false
Bravecto to dog (ברבקטו לכלב אמפולה 40-56),תכשירים,טיפול מונע,"{""מדי-מרקט"":null,""וט-מרקט"":196}",693589a85b278514796ad03a,2025-12-07T14:05:28.108000,2026-01-06T08:32:11.862000,68d7b52d0d33b12757415b50,yuval@ypeleg-eng.co.il,false
"Sterile gloves with talc, size 6 - 50 pcs (כפפות סטריליות עם טלק מידה 6 - 50 יח')",ציוד,ציוד רפואי,"{""מדי-מרקט"":84}",693589a85b278514796ad025,2025-12-07T14:05:28.108000,2026-01-04T15:39:09.659000,68d7b52d0d33b12757415b50,yuval@ypeleg-eng.co.il,false
Foodis Beef Bites Snack - 100 grams (חטיף פודיס נגיסי בקר - 100 גרם),מזון,חטיפים,"{""מדי-מרקט"":6}",693589a85b278514796ad013,2025-12-07T14:05:28.108000,2026-01-04T15:22:32.902000,68d7b52d0d33b12757415b50,yuval@ypeleg-eng.co.il,false
"marbofloxacin 100 mg (מרבופלוקסצין 100 מג כדורים)""""",,תרופה,"{}",693589a85b278514796ad03c,2025-12-07T14:05:28.108000,2026-01-01T11:24:37.028000,68d7b52d0d33b12757415b50,yuval@ypeleg-eng.co.il,false
OXYFRESH Teeth Cleaning Gel -113 grams (ג'ל לניקוי שיניים -113 גרם) ,תכשירים,משחת שיניים,"{""מדי-מרקט"":39}",693589a85b278514796ad028,2025-12-07T14:05:28.108000,2026-01-04T15:50:04.164000,68d7b52d0d33b12757415b50,yuval@ypeleg-eng.co.il,false
"Sonotic ear cleaning solution 120 ml (סונוטיק תמיסה לניקוי אוזניים 120 מ""ל)",,תכשיר,"{}",693589a85b278514796ad031,2025-12-07T14:05:28.108000,2026-01-06T08:38:02.940000,68d7b52d0d33b12757415b50,yuval@ypeleg-eng.co.il,false
Permox Shampoo 1 (שמפו פרמוקס 1),,תכשיר,"{}",693589a85b278514796ad008,2025-12-07T14:05:28.108000,2026-01-01T11:24:02.176000,68d7b52d0d33b12757415b50,yuval@ypeleg-eng.co.il,false
"Clindamycin 150 mg (קלינדמיצין 150 מג)""""",,תרופה,"{}",693589a85b278514796acff9,2025-12-07T14:05:28.108000,2026-01-01T11:23:51.781000,68d7b52d0d33b12757415b50,yuval@ypeleg-eng.co.il,false
7-parameter rotor - 20 pcs (רוטור 7 פרמטרים - 20 יח'),בדיקות,בדיקות מעבדה,"{""מדי-מרקט"":1680}",693589a85b278514796acfff,2025-12-07T14:05:28.108000,2026-01-06T07:39:16.916000,68d7b52d0d33b12757415b50,yuval@ypeleg-eng.co.il,false
Rotors 24 gauge - 10 pcs (רוטורים 24  מדדים - 10 יח'),בדיקות,בדיקות מעבדה,"{""מדי-מרקט"":700}",693589a85b278514796ad000,2025-12-07T14:05:28.108000,2026-01-04T15:21:15.197000,68d7b52d0d33b12757415b50,yuval@ypeleg-eng.co.il,false
Orange catheter - dog (קטטר כתום - כלב),,ציוד רפואי,"{}",693589a85b278514796acff0,2025-12-07T14:05:28.108000,2026-01-01T11:23:45.590000,68d7b52d0d33b12757415b50,yuval@ypeleg-eng.co.il,false
Schirmer test (שירמר טסט),,ציוד רפואי,"{}",693589a85b278514796ad004,2025-12-07T14:05:28.108000,2026-01-01T11:23:59.391000,68d7b52d0d33b12757415b50,yuval@ypeleg-eng.co.il,false
Pink catheter - cat (קטטר ורוד - חתול),,ציוד רפואי,"{""מדי-מרקט"":28}",693589a85b278514796acfef,2025-12-07T14:05:28.108000,2026-01-01T11:23:44.900000,68d7b52d0d33b12757415b50,yuval@ypeleg-eng.co.il,false
ריפוד (ניסן),,ציוד רפואי,"{}",693589a85b278514796ad003,2025-12-07T14:05:28.108000,2026-01-01T11:23:58.669000,68d7b52d0d33b12757415b50,yuval@ypeleg-eng.co.il,false
Simple elastic bandage (תחבושת אלסטית פשוטה),,ציוד רפואי,"{}",693589a85b278514796ad00c,2025-12-07T14:05:28.108000,2026-01-01T11:24:05.237000,68d7b52d0d33b12757415b50,yuval@ypeleg-eng.co.il,false
"Armil Shampoo 250 mg (שמפו ארמיל 250 מג)""""",תכשירים,שמפו,"{""מדי-מרקט"":58}",693589a85b278514796ad007,2025-12-07T14:05:28.108000,2026-01-04T14:13:39.426000,68d7b52d0d33b12757415b50,yuval@ypeleg-eng.co.il,false
"Metoclopramide 5 mg/ml 30 ml syrup (מטוקלופרמיד 5 מג/מ""""ל 30 מ""""ל סירופ)""""",,תרופה,"{}",693589a85b278514796ad03b,2025-12-07T14:05:28.108000,2026-01-01T11:24:35.978000,68d7b52d0d33b12757415b50,yuval@ypeleg-eng.co.il,false
"Alsaron 40 mg (אלסרון 40 מ""ג)",תרופות,,"{}",693589a85b278514796ad029,2025-12-07T14:05:28.108000,2026-01-06T07:20:18.147000,68d7b52d0d33b12757415b50,yuval@ypeleg-eng.co.il,false
"Canidryl Snap 20 Mg 100 Tabs For Dogs (קנידריל 20 מ""ג 100 טבליות לכלבים)",תרופות,שיכוך כאבים והרגעה,"{""מדי-מרקט"":90}",693589a85b278514796acffc,2025-12-07T14:05:28.108000,2026-01-04T16:07:36.033000,68d7b52d0d33b12757415b50,yuval@ypeleg-eng.co.il,false
60/90 cm sedinya - 30 pcs (סדיניה 60/90 סמ - 30 יח') - משטח החתלה ,ציוד,ציוד רפואי,"{""מדי-מרקט"":37}",693589a85b278514796ad00e,2025-12-07T14:05:28.108000,2026-01-05T15:06:24.386000,68d7b52d0d33b12757415b50,yuval@ypeleg-eng.co.il,false
"levothyroxine 0.1 mg 100 tab (לבוטירוקסין 0.1 מג 100 טבליות)""""",,תרופה,"{""מדי-מרקט"":130}",693589a85b278514796ad016,2025-12-07T14:05:28.108000,2026-01-01T11:24:10.855000,68d7b52d0d33b12757415b50,yuval@ypeleg-eng.co.il,false
Levothyroxine sodium 0.8 mg 100 tab (לבותירוקסין טבליות),,תרופה,"{""מדי-מרקט"":null,""וט-מרקט"":150}",693589a85b278514796ad033,2025-12-07T14:05:28.108000,2026-01-01T11:24:30.524000,68d7b52d0d33b12757415b50,yuval@ypeleg-eng.co.il,false
"Dodecyl Vitamin B1 (100 ml) (דודיסל ויטמין B1 (100 מל) """"",,תרופה,"{""מדי-מרקט"":90}",693589a85b278514796ad017,2025-12-07T14:05:28.108000,2026-01-01T11:24:11.566000,68d7b52d0d33b12757415b50,yuval@ypeleg-eng.co.il,false
"Cardiosure 5 mg (pimovane) - 100 tablets (קרדיוסור 5 מג (פימובנדן) - 100 טבליות)""""",,תרופה,"{""מדי-מרקט"":323}",693589a85b278514796ad015,2025-12-07T14:05:28.108000,2026-01-01T11:24:10.140000,68d7b52d0d33b12757415b50,yuval@ypeleg-eng.co.il,false
"Liberla 20 ml solution for injection (ליברלה 20 מל תמיסה להזרקה)""""",,תרופה,"{""מדי-מרקט"":583}",693589a85b278514796ad01d,2025-12-07T14:05:28.108000,2026-01-01T11:24:15.767000,68d7b52d0d33b12757415b50,yuval@ypeleg-eng.co.il,false
Surgispon - Mouth Sponge (סורגיספון - ספוג לפה),ציוד,ציוד רפואי,"{}",693589a85b278514796acfc1,2025-12-07T14:05:28.107000,2026-01-05T14:11:58.872000,68d7b52d0d33b12757415b50,yuval@ypeleg-eng.co.il,false
"(Syringe 60 ml (25 pcs - מזרק 60 מ""ל (25 יחידות)",ציוד,ציוד רפואי,"{""מדי-מרקט"":1.43}",693589a85b278514796acf89,2025-12-07T14:05:28.107000,2026-01-05T15:06:15.112000,68d7b52d0d33b12757415b50,yuval@ypeleg-eng.co.il,false
Nurit - activated charcoal (נוריט - פחם פעיל),,תרופה,"{}",693589a85b278514796acfb6,2025-12-07T14:05:28.107000,2026-01-01T11:25:11.553000,68d7b52d0d33b12757415b50,yuval@ypeleg-eng.co.il,false
"Midazolam Kalceks 5Mg/Ml 3ML X 10Amp (מידזולם קלצ'קס 5 מג/מ""ל 3 מ""ל X 10 אמפר)",תרופות,שיכוך כאבים והרגעה,"{""מדי-מרקט"":32}",693589a85b278514796acfa0,2025-12-07T14:05:28.107000,2026-01-04T16:15:40.980000,68d7b52d0d33b12757415b50,yuval@ypeleg-eng.co.il,false
Scalpel 15-  100 pcs (סקלפל 15 - 100 י'ח),,ציוד רפואי,"{""מדי-מרקט"":84}",693589a85b278514796acfcb,2025-12-07T14:05:28.107000,2026-01-01T11:25:27.233000,68d7b52d0d33b12757415b50,yuval@ypeleg-eng.co.il,false
"Syringe 3ml - 100 pcs (מזרק 3 מ""ל  - 100 יח')",ציוד,ציוד רפואי,"{""מדי-מרקט"":14}",693589a85b278514796acf87,2025-12-07T14:05:28.107000,2026-01-05T09:38:45.230000,68d7b52d0d33b12757415b50,yuval@ypeleg-eng.co.il,false
Marbosil 80 mg -1 tab (מרבוסיל 80 מג - 1טב '),,ציוד רפואי,"{""מדי-מרקט"":25.2}",693589a85b278514796acfad,2025-12-07T14:05:28.107000,2026-01-01T11:25:05.925000,68d7b52d0d33b12757415b50,yuval@ypeleg-eng.co.il,false
Suture scalpel 12 - 100 pcs (סקלפל לתפרים 12 - 100 יח'),ציוד,ציוד רפואי,"{""מדי-מרקט"":40}",693589a85b278514796acfcc,2025-12-07T14:05:28.107000,2026-01-04T15:00:12.079000,68d7b52d0d33b12757415b50,yuval@ypeleg-eng.co.il,false
"Nexgard Spectra 15-30 kg (נקסגארד ספקטרה 15-30 ק""ג)",,תכשיר,"{""מדי-מרקט"":null,""וט-מרקט"":null,""לינביץ"":212}",693589a85b278514796acfba,2025-12-07T14:05:28.107000,2026-01-13T06:35:30.990000,68d7b52d0d33b12757415b50,yuval@ypeleg-eng.co.il,false
"Gauze pad with blue stripe 10*10 cm (פד גזה עם פס כחול 10*10 ס""מ )",ציוד,ציוד רפואי,"{""מדי-מרקט"":49}",693589a85b278514796acfd0,2025-12-07T14:05:28.107000,2026-01-04T15:40:39.723000,68d7b52d0d33b12757415b50,yuval@ypeleg-eng.co.il,false
"Elizabethan collar 12.5 cm - 10 pcs (קולר אליזבטי 12.5 ס""מ - 10 יח')",ציוד,ציוד רפואי,"{""מדי-מרקט"":16}",693589a85b278514796acfe7,2025-12-07T14:05:28.107000,2026-01-04T15:29:45.371000,68d7b52d0d33b12757415b50,yuval@ypeleg-eng.co.il,false
Counting printer paper 10 pcs (נייר מדפסת ספירה 10 יח'),ציוד,ציוד משרדי,"{}",693589a85b278514796acfb8,2025-12-07T14:05:28.107000,2026-01-04T14:53:40.370000,68d7b52d0d33b12757415b50,yuval@ypeleg-eng.co.il,false
"Flagyl / Metronidazole 0.5% 100 Ml inj (פלאג'יל / מטרונידזול 0.5% 100 מל זריקה)""""",,תרופה,"{""מדי-מרקט"":11.44}",693589a85b278514796acf98,2025-12-07T14:05:28.107000,2026-01-01T11:24:52.634000,68d7b52d0d33b12757415b50,yuval@ypeleg-eng.co.il,false
"Synulox for injection - 40 ml (סינולוקס להזרקה - 40 מ""ל)",תרופות,אנטיביוטיקה,"{""מדי-מרקט"":120}",693589a85b278514796acfc7,2025-12-07T14:05:28.107000,2026-01-06T07:18:35.400000,68d7b52d0d33b12757415b50,yuval@ypeleg-eng.co.il,false
"Syringe 5ml - 100 pcs (מזרק 5 מ""ל - 100 יח')",ציוד,ציוד רפואי,"{""מדי-מרקט"":16,""וט-מרקט"":null}",693589a85b278514796acf88,2025-12-07T14:05:28.107000,2026-01-05T09:39:50.712000,68d7b52d0d33b12757415b50,yuval@ypeleg-eng.co.il,false
Face masks (מסכות לפנים),,ציוד רפואי,"{""מדי-מרקט"":124.5}",693589a85b278514796acfaa,2025-12-07T14:05:28.107000,2026-01-01T11:25:03.813000,68d7b52d0d33b12757415b50,yuval@ypeleg-eng.co.il,false
"Metronidazole Syrup 125mg/ml 30ML (סירופ מטרונידזול 125 מג/מ""""ל 30 מ""""ל)""""",,תרופה,"{""מדי-מרקט"":36}",693589a85b278514796acf99,2025-12-07T14:05:28.107000,2026-01-01T11:24:53.320000,68d7b52d0d33b12757415b50,yuval@ypeleg-eng.co.il,false
Previcox 227 mg 60 pas(פרוויקוקס 227 מ''ג 60 י'ח),,תרופה,"{""מדי-מרקט"":455}",693589a85b278514796acfe0,2025-12-07T14:05:28.107000,2026-01-01T11:25:46.528000,68d7b52d0d33b12757415b50,yuval@ypeleg-eng.co.il,false
laboratory fluid (נוזל מעבדה - Diluent),ציוד,ציוד רפואי,"{""מדי-מרקט"":330}",693589a85b278514796acfb3,2025-12-07T14:05:28.107000,2026-01-04T16:39:09.454000,68d7b52d0d33b12757415b50,yuval@ypeleg-eng.co.il,false
"Elizabethan collar 30 cm 10 pcs (קולר אליזבטי 30 ס""מ 10 יח)",ציוד,ציוד רפואי,"{""מדי-מרקט"":31}",693589a85b278514796acfea,2025-12-07T14:05:28.107000,2026-01-06T08:40:39.090000,68d7b52d0d33b12757415b50,yuval@ypeleg-eng.co.il,false
"EDTA rinse malate (מלאקט שטיפה - 118 מל) """"",,תרופה,"{""מדי-מרקט"":null,""וט-מרקט"":12.9}",693589a85b278514796acfa4,2025-12-07T14:05:28.107000,2026-01-01T11:25:00.331000,68d7b52d0d33b12757415b50,yuval@ypeleg-eng.co.il,false
Non-marking gauze pad (פד גזה ללא סימון) - מדיםרו 10*10,,ציוד רפואי,"{""מדי-מרקט"":10.9}",693589a85b278514796acfcf,2025-12-07T14:05:28.107000,2026-01-01T11:25:32.701000,68d7b52d0d33b12757415b50,yuval@ypeleg-eng.co.il,false
"Sulfa 50 mg (סולפה 50 מג)""""",,תרופה,"{}",693589a85b278514796acfc0,2025-12-07T14:05:28.107000,2026-01-01T11:25:18.427000,68d7b52d0d33b12757415b50,yuval@ypeleg-eng.co.il,false
"Phenobarbital 100 mg - 50 tabs (פנוברביטל 100 מג)""""",,תרופה,"{""מדי-מרקט"":135}",693589a85b278514796acfd6,2025-12-07T14:05:28.107000,2026-01-01T11:25:38.894000,68d7b52d0d33b12757415b50,yuval@ypeleg-eng.co.il,false
Distilled water - 5 liters (מים מזוקקים - 5 ליטר),ציוד,ציוד רפואי,"{""מדי-מרקט"":19,""וט-מרקט"":null}",693589a85b278514796acfa1,2025-12-07T14:05:28.107000,2026-01-04T16:04:22.066000,68d7b52d0d33b12757415b50,yuval@ypeleg-eng.co.il,false
קוויקי (צביעה כחול),ציוד,ציוד רפואי,"{""מדי-מרקט"":240}",693589a85b278514796acfe5,2025-12-07T14:05:28.107000,2026-01-04T14:03:15.991000,68d7b52d0d33b12757415b50,yuval@ypeleg-eng.co.il,false
Pantel (פנטל),,תרופה,"{""מדי-מרקט"":105}",693589a85b278514796acfd8,2025-12-07T14:05:28.107000,2026-01-01T11:25:40.434000,68d7b52d0d33b12757415b50,yuval@ypeleg-eng.co.il,false
"Metrocare Flavour 250 Mg 100 Tabs for Dogs & Cats (מטרוקר 250 מג 100 טבליות לכלבים וחתולים)""""",,תרופה,"{""מדי-מרקט"":120}",693589a85b278514796acf9d,2025-12-07T14:05:28.107000,2026-01-01T11:24:55.410000,68d7b52d0d33b12757415b50,yuval@ypeleg-eng.co.il,false
"Prednisolone Acetate 25Mg/ml 50ML inj. (פרדניסולון 25 מג""/מ""ל 50 מ""ל - הזרקה)",תרופות,סטרואידים ואנטיהיסטמינים,"{""מדי-מרקט"":80}",693589a85b278514796acfde,2025-12-07T14:05:28.107000,2026-01-04T16:55:36.147000,68d7b52d0d33b12757415b50,yuval@ypeleg-eng.co.il,false
hydrogen peroxide (מי חמצן),,ציוד רפואי,"{""מדי-מרקט"":19,""וט-מרקט"":null}",693589a85b278514796acf9f,2025-12-07T14:05:28.107000,2026-01-01T11:24:56.841000,68d7b52d0d33b12757415b50,yuval@ypeleg-eng.co.il,false
"Norocillin 100 mg (נורוצילין 100 מג)""""",,תרופה,"{""מדי-מרקט"":55}",693589a85b278514796acfb5,2025-12-07T14:05:28.107000,2026-01-01T11:25:10.805000,68d7b52d0d33b12757415b50,yuval@ypeleg-eng.co.il,false
Anti-bite serum (נסיוב נגד הכשה),תרופות,תרופות בהזרקה,"{}",693589a85b278514796acfb9,2025-12-07T14:05:28.107000,2026-01-04T14:10:56.864000,68d7b52d0d33b12757415b50,yuval@ypeleg-eng.co.il,false
Prinemia (פרינמיה),,תרופה,"{}",693589a85b278514796acfe4,2025-12-07T14:05:28.107000,2026-01-01T11:25:49.840000,68d7b52d0d33b12757415b50,yuval@ypeleg-eng.co.il,false
"Glue remover spray 50 ml ( תרסיס להסרת דבק 50 מ""ל )",ציוד,ציוד רפואי,"{""מדי-מרקט"":59}",693589a85b278514796acfa9,2025-12-07T14:05:28.107000,2026-01-04T15:44:47.296000,68d7b52d0d33b12757415b50,yuval@ypeleg-eng.co.il,false
"Faradlon 5 mg - 100 units (פרדניסולון 5 מג - 100 יח')""""",,תרופה,"{""מדי-מרקט"":80}",693589a85b278514796acfdf,2025-12-07T14:05:28.107000,2026-01-01T11:25:45.843000,68d7b52d0d33b12757415b50,yuval@ypeleg-eng.co.il,false
"Metrocare Flavour 500 Mg 100 Tabs  (מטרוקר 500 מ""ג 100 טבליות)",תרופות,אנטיביוטיקה,"{""מדי-מרקט"":210}",693589a85b278514796acf9e,2025-12-07T14:05:28.107000,2026-01-04T15:32:09.537000,68d7b52d0d33b12757415b50,yuval@ypeleg-eng.co.il,false
heating lamp (מנורת חימום),,ציוד רפואי,"{""מדי-מרקט"":60,""וט-מרקט"":null}",693589a85b278514796acfa7,2025-12-07T14:05:28.107000,2026-01-01T11:25:02.434000,68d7b52d0d33b12757415b50,yuval@ypeleg-eng.co.il,false
"SEPTAL SCRUB 500 ML (ספטל סקראב 500 מ""ל)",ציוד,ציוד רפואי,"{""מדי-מרקט"":32}",693589a85b278514796acfc8,2025-12-07T14:05:28.107000,2026-01-04T16:48:18.771000,68d7b52d0d33b12757415b50,yuval@ypeleg-eng.co.il,false
קופרוסול (הצפת צואה),ציוד,ציוד רפואי,"{}",693589a85b278514796acfed,2025-12-07T14:05:28.107000,2026-01-04T14:04:47.965000,68d7b52d0d33b12757415b50,yuval@ypeleg-eng.co.il,false
"Metronidazole 10% 50ml (מטרונידזול 10% 50 מל)""""",,תרופה,"{""מדי-מרקט"":101}",693589a85b278514796acf9b,2025-12-07T14:05:28.107000,2026-01-01T11:24:54.743000,68d7b52d0d33b12757415b50,yuval@ypeleg-eng.co.il,false
"Phenoxybenzamine Hcl 5mg - 50 tabs (פנוקסיבנזמין 5 מג טבליות)""""",,תרופה,"{""מדי-מרקט"":200}",693589a85b278514796acfd7,2025-12-07T14:05:28.107000,2026-01-01T11:25:39.696000,68d7b52d0d33b12757415b50,yuval@ypeleg-eng.co.il,false
Silver spray (ספריי כסף),,ציוד רפואי,"{""מדי-מרקט"":42}",693589a85b278514796acfc9,2025-12-07T14:05:28.107000,2026-01-01T11:25:25.217000,68d7b52d0d33b12757415b50,yuval@ypeleg-eng.co.il,false
Liquid machine (מכונת נוזלים),,ציוד רפואי,"{}",693589a85b278514796acfa3,2025-12-07T14:05:28.107000,2026-01-01T11:24:59.589000,68d7b52d0d33b12757415b50,yuval@ypeleg-eng.co.il,false
Fluorescein Test (פלורסין טסט),בדיקות,בדיקות רופא,"{}",693589a85b278514796acfd3,2025-12-07T14:05:28.107000,2026-01-05T09:45:45.223000,68d7b52d0d33b12757415b50,yuval@ypeleg-eng.co.il,false
Green needle 100 pcs (מחט ירוקה 100 יח' G21 ),,ציוד רפואי,"{""מדי-מרקט"":5.5}",693589a85b278514796acf8f,2025-12-07T14:05:28.107000,2026-01-01T11:24:46.137000,68d7b52d0d33b12757415b50,yuval@ypeleg-eng.co.il,false
"552J0258 sterile surface (סדין סטרילי 90 ס""מ*91מ')",ציוד,ציוד רפואי,"{""מדי-מרקט"":null,""וט-מרקט"":520}",693589a85b278514796acfb1,2025-12-07T14:05:28.107000,2026-01-05T15:06:22.958000,68d7b52d0d33b12757415b50,yuval@ypeleg-eng.co.il,false
"Metoclopramide/Pramine 10 mg - 2 mg 5* ampoules (מתוקלופראמיד/פרמין 10 מ""ג - 2 מ""ג 5* אמפולה)",תרופות,גאסטרו,"{""מדי-מרקט"":12.2}",693589a85b278514796acfb2,2025-12-07T14:05:28.107000,2026-01-04T16:52:12.450000,68d7b52d0d33b12757415b50,yuval@ypeleg-eng.co.il,false
"Elizabethan collar 25 cm 10 pcs (קולר אליזבטי 25 ס""מ 10 יח)",ציוד,ציוד רפואי,"{""מדי-מרקט"":26,""וט-מרקט"":null}",693589a85b278514796acfe9,2025-12-07T14:05:28.107000,2026-01-06T08:40:27.638000,68d7b52d0d33b12757415b50,yuval@ypeleg-eng.co.il,false
Methanol (מטנול) - צביעה שקופה,,ציוד רפואי,"{}",693589a85b278514796acf96,2025-12-07T14:05:28.107000,2026-01-01T11:24:51.257000,68d7b52d0d33b12757415b50,yuval@ypeleg-eng.co.il,false
Formin (פורמין),,תרופה,"{}",693589a85b278514796acfd2,2025-12-07T14:05:28.107000,2026-01-01T11:25:35.683000,68d7b52d0d33b12757415b50,yuval@ypeleg-eng.co.il,false
"Prednisolone 20 mg pills (פרדניסולון 20 מג 100 -כדורים)""""",,תרופה,"{""מדי-מרקט"":150}",693589a85b278514796acfdd,2025-12-07T14:05:28.107000,2026-01-01T11:25:44.325000,68d7b52d0d33b12757415b50,yuval@ypeleg-eng.co.il,false
Square pack 50 pcs (תרכיב מרובע 50 יח'),,תרופה,"{""מדי-מרקט"":null,""וט-מרקט"":54.8}",693589a85b278514796acfae,2025-12-07T14:05:28.107000,2026-01-01T11:25:06.603000,68d7b52d0d33b12757415b50,yuval@ypeleg-eng.co.il,false
Scalpel 10 - 100 pcs (סקלפל 10 100 - י'ח),,ציוד רפואי,"{""מדי-מרקט"":84,""וט-מרקט"":null}",693589a85b278514796acfca,2025-12-07T14:05:28.107000,2026-01-01T11:25:26.422000,68d7b52d0d33b12757415b50,yuval@ypeleg-eng.co.il,false
Inserter for balls 10 pcs (מחדיר כדורים 10 יח'),,תכשיר,"{}",693589a85b278514796acf8c,2025-12-07T14:05:28.107000,2026-01-01T11:24:44.059000,68d7b52d0d33b12757415b50,yuval@ypeleg-eng.co.il,false
"Meloxicam 5 mg injection (מלוקסיקים 5 מג הזרקה)""""",,תרופה,"{""מדי-מרקט"":null,""וט-מרקט"":47.2}",693589a85b278514796acfa5,2025-12-07T14:05:28.107000,2026-01-01T11:25:01.043000,68d7b52d0d33b12757415b50,yuval@ypeleg-eng.co.il,false
Kopfezlin (קופזלין),,אחר,"{}",693589a85b278514796acfec,2025-12-07T14:05:28.107000,2026-01-01T11:25:55.721000,68d7b52d0d33b12757415b50,yuval@ypeleg-eng.co.il,false
"Mirtazapine 3 Mg/0.1Ml 0.5Ml Transdermal gel (מירטזפין 3 מג/0.1 מ""ל 0.5 מ""ל ג'ל עורי)",תרופות,עור,"{""מדי-מרקט"":28}",693589a85b278514796acfa2,2025-12-07T14:05:28.107000,2026-01-04T16:18:40.966000,68d7b52d0d33b12757415b50,yuval@ypeleg-eng.co.il,false
"Nexgard Spectra 7.5-15 kg (נקסגארד ספקטרה 7.5-15 ק""ג)",,תכשיר,"{""מדי-מרקט"":null,""לינביץ"":207}",693589a85b278514796acfbe,2025-12-07T14:05:28.107000,2026-01-13T06:36:16.920000,68d7b52d0d33b12757415b50,yuval@ypeleg-eng.co.il,false
Parasital Plus for Dogs - 200 pcs (פרזיטל פלוס לכלבים  - 200 יח'),,תרופה,"{""מדי-מרקט"":890}",693589a85b278514796acfe3,2025-12-07T14:05:28.107000,2026-01-01T11:25:49.151000,68d7b52d0d33b12757415b50,yuval@ypeleg-eng.co.il,false
"Synolux 500 mg - tablets (סינולוקס 500 מ""ג - טבליות)",תרופות,אנטיביוטיקה,"{""מדי-מרקט"":520}",693589a85b278514796acfc6,2025-12-07T14:05:28.107000,2026-01-06T07:18:12.550000,68d7b52d0d33b12757415b50,yuval@ypeleg-eng.co.il,false
Synbiotic DC - 50 capsules (סינביוטיק די.סי - 50 קפסולות),,תרופה,"{""מדי-מרקט"":79}",693589a85b278514796acfc3,2025-12-07T14:05:28.107000,2026-01-01T11:25:20.486000,68d7b52d0d33b12757415b50,yuval@ypeleg-eng.co.il,false
"Metoclopramide 5 (מטוקלופרמיד 5 מג הזרקה מורפין)""""",,תרופה,"{}",693589a85b278514796acf95,2025-12-07T14:05:28.107000,2026-01-01T11:24:50.383000,68d7b52d0d33b12757415b50,yuval@ypeleg-eng.co.il,false
"Prednisolone Syrup 5Mg/ml 30ML (פרדניסולון  סירופ 5 מג/מ""ל 30 מ""ל)",תרופות,סטרואידים ואנטיהיסטמינים,"{""מדי-מרקט"":21}",693589a85b278514796acfdc,2025-12-07T14:05:28.107000,2026-01-04T16:43:46.439000,68d7b52d0d33b12757415b50,yuval@ypeleg-eng.co.il,false
"Metronidazole 0.5% 100 Ml inj (מטרונידזול 0.5% 100 מל זריקה)""""",,תרופה,"{""מדי-מרקט"":7}",693589a85b278514796acf97,2025-12-07T14:05:28.107000,2026-01-01T11:24:51.963000,68d7b52d0d33b12757415b50,yuval@ypeleg-eng.co.il,false
Furosemide 20 mg/2 ml (פוסיד אמפולות),,תרופה,"{}",693589a85b278514796acfd1,2025-12-07T14:05:28.107000,2026-01-01T11:25:34.814000,68d7b52d0d33b12757415b50,yuval@ypeleg-eng.co.il,false
Blue needle 100 pcs (מחט כחולה 100 יח'),ציוד,ציוד רפואי,"{""מדי-מרקט"":6}",693589a85b278514796acf90,2025-12-07T14:05:28.107000,2026-01-04T14:17:17.965000,68d7b52d0d33b12757415b50,yuval@ypeleg-eng.co.il,false
"Meloxicam 1.5 mg syrup (מלוקסיקם 1.5 מג סירופ)""""",,תרופה,"{""מדי-מרקט"":null,""וט-מרקט"":71}",693589a85b278514796acfa6,2025-12-07T14:05:28.107000,2026-01-01T11:25:01.744000,68d7b52d0d33b12757415b50,yuval@ypeleg-eng.co.il,false
Pink needle 100 pcs (מחט ורודה 100 יח' G18),,ציוד רפואי,"{""מדי-מרקט"":5.5}",693589a85b278514796acf8e,2025-12-07T14:05:28.107000,2026-01-01T11:24:45.452000,68d7b52d0d33b12757415b50,yuval@ypeleg-eng.co.il,false
"from a tablet 500 ml(מטבלייז 500 מל)""""",,תרופה,"{}",693589a85b278514796acf94,2025-12-07T14:05:28.107000,2026-01-01T11:24:49.627000,68d7b52d0d33b12757415b50,yuval@ypeleg-eng.co.il,false
"Nexguard Combo Cat 2.5-7.5 (נקסגארד קומבו חתול 2.5-7.5 ק""ג)",,תכשיר,"{""מדי-מרקט"":null,""לינביץ"":189}",693589a85b278514796acfbf,2025-12-07T14:05:28.107000,2026-01-13T06:36:35.485000,68d7b52d0d33b12757415b50,yuval@ypeleg-eng.co.il,false
Slow-release syringe - 6 pcs (מזרק שחרור איטי - 6 יח'),,תרופה,"{""וט-מרקט"":39}",693589a85b278514796acf8b,2025-12-07T14:05:28.107000,2026-01-06T08:30:15.328000,68d7b52d0d33b12757415b50,yuval@ypeleg-eng.co.il,false
Orange needle 100 pcs (מחט כתומה 100 יח' G25 ),ציוד,ציוד רפואי,"{""מדי-מרקט"":6}",693589a85b278514796acf91,2025-12-07T14:05:28.107000,2026-01-04T16:02:16.988000,68d7b52d0d33b12757415b50,yuval@ypeleg-eng.co.il,false
Syringe 20ml (מזרק 20 מל),ציוד,ציוד רפואי,"{""מדי-מרקט"":16,""וט-מרקט"":null}",693589a85b278514796acf86,2025-12-07T14:05:28.107000,2026-01-05T09:37:48.456000,68d7b52d0d33b12757415b50,yuval@ypeleg-eng.co.il,false
Insulin syringe (מזרק אינסולין),,ציוד רפואי,"{}",693589a85b278514796acf8a,2025-12-07T14:05:28.107000,2026-01-01T11:24:42.643000,68d7b52d0d33b12757415b50,yuval@ypeleg-eng.co.il,false
Parasital for cats - 104 pcs (פרזיטל לחתולים - 104 יח'),,תרופה,"{""מדי-מרקט"":690}",693589a85b278514796acfe2,2025-12-07T14:05:28.107000,2026-01-01T11:25:48.051000,68d7b52d0d33b12757415b50,yuval@ypeleg-eng.co.il,false
"Nexgard Spectra 3.5-7.5 kg (נקסגארד ספקטרה 3.5-7.5 ק""ג)",,תכשיר,"{""מדי-מרקט"":null,""לינביץ"":177}",693589a85b278514796acfbc,2025-12-07T14:05:28.107000,2026-01-13T06:35:47.198000,68d7b52d0d33b12757415b50,yuval@ypeleg-eng.co.il,false
butterfly needle (מחט פרפר),ציוד,ציוד רפואי,"{}",693589a85b278514796acf92,2025-12-07T14:05:28.107000,2026-01-04T14:20:25.912000,68d7b52d0d33b12757415b50,yuval@ypeleg-eng.co.il,false
"Synulox 50 mg - 100 tablets (סינולוקס 50 מ""ג - 100 טבליות)",תרופות,אנטיביוטיקה,"{""מדי-מרקט"":235}",693589a85b278514796acfc5,2025-12-07T14:05:28.107000,2026-01-06T07:18:23.791000,68d7b52d0d33b12757415b50,yuval@ypeleg-eng.co.il,false
Black needle 100 pcs (מחט שחורה 100 יח'),ציוד,ציוד רפואי,"{""מדי-מרקט"":7.5}",693589a85b278514796acf93,2025-12-07T14:05:28.107000,2026-01-04T14:17:08.268000,68d7b52d0d33b12757415b50,yuval@ypeleg-eng.co.il,false
"Convenience 10 ml (קונבניה 10 מ""ל)",תרופות,אנטיביוטיקה,"{""מדי-מרקט"":null,""וט-מרקט"":1150}",693589a85b278514796acfeb,2025-12-07T14:05:28.107000,2026-01-05T14:15:49.351000,68d7b52d0d33b12757415b50,yuval@ypeleg-eng.co.il,false
"Synolux 250 mg - tablets (סינולוקס 250 מ""ג - טבליות)",תרופות,אנטיביוטיקה,"{""מדי-מרקט"":350}",693589a85b278514796acfc4,2025-12-07T14:05:28.107000,2026-01-06T07:17:59.400000,68d7b52d0d33b12757415b50,yuval@ypeleg-eng.co.il,false
"Prednisolone Syrup 20Mg/ml 30ML (פרדניסולון סירופ 20 מג/מ""ל 30 מ""ל)",תרופות,סטרואידים ואנטיהיסטמינים,"{""מדי-מרקט"":29}",693589a85b278514796acfdb,2025-12-07T14:05:28.107000,2026-01-04T16:47:04.822000,68d7b52d0d33b12757415b50,yuval@ypeleg-eng.co.il,false
Stopcock 50 pcs (סטופקוק 50 יח'),,ציוד רפואי,"{}",693589a85b278514796acfc2,2025-12-07T14:05:28.107000,2026-01-01T11:25:19.825000,68d7b52d0d33b12757415b50,yuval@ypeleg-eng.co.il,false
"Fenbendazole Syrup 100Mg/Ml 10% 100 ML (פנבנדזול סירופ 100 מג/מ""""ל 10% 100 מ""""ל)""""",,תרופה,"{""מדי-מרקט"":60,""וט-מרקט"":null}",693589a85b278514796acfd5,2025-12-07T14:05:28.107000,2026-01-01T11:25:38.055000,68d7b52d0d33b12757415b50,yuval@ypeleg-eng.co.il,false
"Metronidazole Syrup 200mg/ml 30ML (סירופ מטרונידזול 200 מג/מ""ל 30 מ""ל)",תרופות,אנטיביוטיקה,"{""מדי-מרקט"":40}",693589a85b278514796acf9a,2025-12-07T14:05:28.107000,2026-01-20T08:35:20.704000,68d7b52d0d33b12757415b50,yuval@ypeleg-eng.co.il,false
"Nexgard Spectra 30-60 kg for dogs (נקסגארד ספקטרה 30-60 קג"" לכלב)",,תכשיר,"{""מדי-מרקט"":null,""לינביץ"":229}",693589a85b278514796acfbd,2025-12-07T14:05:28.107000,2026-01-13T06:36:02.588000,68d7b52d0d33b12757415b50,yuval@ypeleg-eng.co.il,false
Non-woven gauze pad 10/10 - 200 pcs (פד גזה לא ארוג 10/10 - 200 יח'),,ציוד רפואי,"{""מדי-מרקט"":12}",693589a85b278514796acfce,2025-12-07T14:05:28.107000,2026-01-01T11:25:31.402000,68d7b52d0d33b12757415b50,yuval@ypeleg-eng.co.il,false
Envelopes for medicines (מעטפות לתרופות),ציוד,ציוד רפואי,"{""מדי-מרקט"":81,""וט-מרקט"":null}",693589a85b278514796acfab,2025-12-07T14:05:28.107000,2026-01-04T16:54:36.952000,68d7b52d0d33b12757415b50,yuval@ypeleg-eng.co.il,false
"Nexgard Spectra 2-3.5 kg (נקסגארד  ספקטרה 2-3.5 ק""ג)",,תכשיר,"{""מדי-מרקט"":null,""לינביץ"":159}",693589a85b278514796acfbb,2025-12-07T14:05:28.107000,2026-01-13T06:35:25.538000,68d7b52d0d33b12757415b50,yuval@ypeleg-eng.co.il,false
Phenybrin (פניברין),,תרופה,"{}",693589a85b278514796acfd9,2025-12-07T14:05:28.107000,2026-01-01T11:25:41.489000,68d7b52d0d33b12757415b50,yuval@ypeleg-eng.co.il,false
Cute tic (קיוט טיק - מקלוני אוזניים),ציוד,ציוד רפואי,"{""מדי-מרקט"":18.7}",693589a85b278514796acfac,2025-12-07T14:05:28.107000,2026-01-04T14:53:23.028000,68d7b52d0d33b12757415b50,yuval@ypeleg-eng.co.il,false
Red cork - 100 pcs (פקק אדום - 100 יח'),ציוד,ציוד רפואי,"{""מדי-מרקט"":39.6}",693589a85b278514796acfda,2025-12-07T14:05:28.107000,2026-01-04T15:26:25.550000,68d7b52d0d33b12757415b50,yuval@ypeleg-eng.co.il,false
"Sarnia for injection 10 mg-20 ml (סרניה להזרקה 10 מ""ג -20 מ""ל)",,תרופה,"{""מדי-מרקט"":null,""וט-מרקט"":520}",693589a85b278514796acfcd,2025-12-07T14:05:28.107000,2026-01-06T08:32:51.637000,68d7b52d0d33b12757415b50,yuval@ypeleg-eng.co.il,false
"Famotidine 10 mg/ml 20 ml inj (פמוטידין 10 מ""ג/מ""ל 20 מ""ל זריקה)",תרופות,גאסטרו,"{""מדי-מרקט"":43}",693589a85b278514796acfd4,2025-12-07T14:05:28.107000,2026-01-06T07:24:17.397000,68d7b52d0d33b12757415b50,yuval@ypeleg-eng.co.il,false
Chemistry printer paper 5 pcs (נייר למדפסת כימיה 5 יח'),ציוד,ציוד רפואי,"{}",693589a85b278514796acfb7,2025-12-07T14:05:28.107000,2026-01-04T14:44:49.131000,68d7b52d0d33b12757415b50,yuval@ypeleg-eng.co.il,false
Syringe 10ml (מזרק 10 מל),ציוד,ציוד רפואי,"{""מדי-מרקט"":24,""וט-מרקט"":null}",693589a85b278514796acf85,2025-12-07T14:05:28.107000,2026-01-05T09:37:30.353000,68d7b52d0d33b12757415b50,yuval@ypeleg-eng.co.il,false
"Elizabethan collar 15 cm (קולר אליזבטי 15 ס""מ)",ציוד,ציוד רפואי,"{""מדי-מרקט"":18,""וט-מרקט"":null}",693589a85b278514796acfe8,2025-12-07T14:05:28.107000,2026-01-06T08:40:07.388000,68d7b52d0d33b12757415b50,yuval@ypeleg-eng.co.il,false
"Needle holder 14 cm (מחזיק מחט 14 סמ)""""",,ציוד רפואי,"{""מדי-מרקט"":290}",693589a85b278514796acf8d,2025-12-07T14:05:28.107000,2026-01-01T11:24:44.741000,68d7b52d0d33b12757415b50,yuval@ypeleg-eng.co.il,false
Hexagonal assembly 50 pcs P (תרכיב משושה 50 יח'),,תרופה,"{""מדי-מרקט"":null,""וט-מרקט"":23}",693589a85b278514796acfaf,2025-12-07T14:05:28.107000,2026-01-01T11:25:07.302000,68d7b52d0d33b12757415b50,yuval@ypeleg-eng.co.il,false
 liter fluid bag - Hartman - 10 pcs  (שק נוזלים 1 ליטר - הרטמן - 10 יח'),תרופות,תרופות בהזרקה,"{""מדי-מרקט"":8.5,""וט-מרקט"":null}",693589a85b278514796acfb4,2025-12-07T14:05:28.107000,2026-01-05T15:06:08.099000,68d7b52d0d33b12757415b50,yuval@ypeleg-eng.co.il,false
"Propofol 50 ml (פרופופול 50 מ""ל)",תרופות,שיכוך כאבים והרגעה,"{""מדי-מרקט"":31,""וט-מרקט"":null}",693589a85b278514796acfe1,2025-12-07T14:05:28.107000,2026-01-04T15:23:48.161000,68d7b52d0d33b12757415b50,yuval@ypeleg-eng.co.il,false
Quick Solution (קוויקי סלושן) - צביעה אדום,,ציוד רפואי,"{}",693589a85b278514796acfe6,2025-12-07T14:05:28.107000,2026-01-01T11:25:51.277000,68d7b52d0d33b12757415b50,yuval@ypeleg-eng.co.il,false
Atrospan (אטרופין),תרופות,תרופות שונות,"{}",693589a85b278514796acf24,2025-12-07T14:05:28.106000,2026-01-04T15:09:26.152000,68d7b52d0d33b12757415b50,yuval@ypeleg-eng.co.il,false
Bravecto to dog (ברבקטו טב' לכלב  4.5-10),תכשירים,טיפול מונע,"{""מדי-מרקט"":null,""וט-מרקט"":157}",693589a85b278514796acf40,2025-12-07T14:05:28.106000,2026-01-06T08:31:05.753000,68d7b52d0d33b12757415b50,yuval@ypeleg-eng.co.il,false
"Ompredex 20 mg - 30 ps  (אומפרודקס 10 מ""ג - 30 יח')",תרופות,גאסטרו,"{""מדי-מרקט"":24}",693589a85b278514796acf1e,2025-12-07T14:05:28.106000,2026-01-04T16:37:02.648000,68d7b52d0d33b12757415b50,yuval@ypeleg-eng.co.il,false
"Normal dog food (אוכל רגיל כלב גדול 14.5 קג )""""",,מזון,"{""מדי-מרקט"":336}",693589a85b278514796acf1b,2025-12-07T14:05:28.106000,2026-01-01T11:25:57.810000,68d7b52d0d33b12757415b50,yuval@ypeleg-eng.co.il,false
Optalgin 500mg (אופטלגין),,תרופה,"{}",693589a85b278514796acf20,2025-12-07T14:05:28.106000,2026-01-01T11:26:01.436000,68d7b52d0d33b12757415b50,yuval@ypeleg-eng.co.il,false
Worms Axe 500mg(וורמיס אקס כדורים),,תרופה,"{}",693589a85b278514796acf5e,2025-12-07T14:05:28.106000,2026-01-01T11:26:44.897000,68d7b52d0d33b12757415b50,yuval@ypeleg-eng.co.il,false
"Azithromycin 50mg (אזיטרומיצין 50 מ""ג סירופ) ",תרופות,אנטיביוטיקה,"{""מדי-מרקט"":36}",693589a85b278514796acf23,2025-12-07T14:05:28.106000,2026-01-06T07:17:17.628000,68d7b52d0d33b12757415b50,yuval@ypeleg-eng.co.il,false
"Bravecto to cat (ברבקטו חתול  6.25-12.5 ק""ג)",תכשירים,טיפול מונע,"{""מדי-מרקט"":null,""וט-מרקט"":168}",693589a85b278514796acf45,2025-12-07T14:05:28.106000,2026-01-05T15:16:05.668000,68d7b52d0d33b12757415b50,yuval@ypeleg-eng.co.il,false
"ocil 5mg Termycin  (טרמיצין 5 מ""ג)",תרופות,עיניים,"{""מדי-מרקט"":29}",693589a85b278514796acf21,2025-12-07T14:05:28.106000,2026-01-04T16:48:00.498000,68d7b52d0d33b12757415b50,yuval@ypeleg-eng.co.il,false
Arnsep 20 - 1 pc (אראנספ 20 - 1 יח'),תרופות,,"{""מדי-מרקט"":120}",693589a85b278514796acf38,2025-12-07T14:05:28.106000,2026-01-04T14:13:55.844000,68d7b52d0d33b12757415b50,yuval@ypeleg-eng.co.il,false
Normal cat food (אוכל רגיל חתול),,מזון,"{}",693589a85b278514796acf1a,2025-12-07T14:05:28.106000,2026-01-01T11:25:57.090000,68d7b52d0d33b12757415b50,yuval@ypeleg-eng.co.il,false
Yellow vanaflon (וונפלון צהוב),,ציוד רפואי,"{}",693589a85b278514796acf5d,2025-12-07T14:05:28.106000,2026-01-01T11:26:44.213000,68d7b52d0d33b12757415b50,yuval@ypeleg-eng.co.il,false
"isoflurane 250mg (איזופלורן 250 מג) """"",,תרופה,"{""מדי-מרקט"":149}",693589a85b278514796acf26,2025-12-07T14:05:28.106000,2026-01-01T11:26:05.688000,68d7b52d0d33b12757415b50,yuval@ypeleg-eng.co.il,false
"AURIZON 10mg (אוריזון 10 מ""ג)",תרופות,עיניים,"{""מדי-מרקט"":58}",693589a85b278514796acf22,2025-12-07T14:05:28.106000,2026-01-06T07:37:24.451000,68d7b52d0d33b12757415b50,yuval@ypeleg-eng.co.il,false
Bravecto to dog (ברבקטו טב' לכלב  2-4.5),תכשירים,טיפול מונע,"{""מדי-מרקט"":null,""וט-מרקט"":147}",693589a85b278514796acf3e,2025-12-07T14:05:28.106000,2026-01-06T08:30:51.184000,68d7b52d0d33b12757415b50,yuval@ypeleg-eng.co.il,false
Biogal (קיט ביוגל) לפטריה 12 יח',ציוד,ציוד רפואי,"{}",693589a85b278514796acf3b,2025-12-07T14:05:28.106000,2026-01-04T14:16:58.212000,68d7b52d0d33b12757415b50,yuval@ypeleg-eng.co.il,false
Sponsored products (אקדח סיכות),,ציוד רפואי,"{}",693589a85b278514796acf36,2025-12-07T14:05:28.106000,2026-01-01T11:26:17.073000,68d7b52d0d33b12757415b50,yuval@ypeleg-eng.co.il,false
"And Tevazide 56.8 mg (וטבנציד 56.8 מ""ג)",תרופות,,"{}",693589a85b278514796acf63,2025-12-07T14:05:28.106000,2026-01-06T07:20:51.233000,68d7b52d0d33b12757415b50,yuval@ypeleg-eng.co.il,false
Bravecto to dog (ברבקטו טב' לכלב  40-56),תכשירים,טיפול מונע,"{""מדי-מרקט"":null,""וט-מרקט"":196}",693589a85b278514796acf41,2025-12-07T14:05:28.106000,2026-01-06T08:31:12.187000,68d7b52d0d33b12757415b50,yuval@ypeleg-eng.co.il,false
"Short rap video 6 sm 12 pcs (וט ראפ קצר 12 יח' - 6 ס""מ)",ציוד,ציוד רפואי,"{""מדי-מרקט"":7.15}",693589a85b278514796acf61,2025-12-07T14:05:28.106000,2026-01-04T16:08:54.748000,68d7b52d0d33b12757415b50,yuval@ypeleg-eng.co.il,false
Antigonon (אנטיגון מרוכז) 1 ליטר,ציוד,ציוד ניקיון,"{""מדי-מרקט"":90}",693589a85b278514796acf2f,2025-12-07T14:05:28.106000,2026-01-04T14:11:09.540000,68d7b52d0d33b12757415b50,yuval@ypeleg-eng.co.il,false
Photoresist (חומר נגד לצילום),,ציוד רפואי,"{}",693589a85b278514796acf6d,2025-12-07T14:05:28.106000,2026-01-01T11:26:55.345000,68d7b52d0d33b12757415b50,yuval@ypeleg-eng.co.il,false
Bravecto to dog (ברבקטו טב' לכלב 20-40),תכשירים,טיפול מונע,"{""מדי-מרקט"":null,""וט-מרקט"":179}",693589a85b278514796acf3f,2025-12-07T14:05:28.106000,2026-01-06T08:31:28.628000,68d7b52d0d33b12757415b50,yuval@ypeleg-eng.co.il,false
Tissue glue 2.5 grams (דבק רקמות 2.5 גרם),ציוד,ציוד רפואי,"{""מדי-מרקט"":80}",693589a85b278514796acf4d,2025-12-07T14:05:28.106000,2026-01-04T14:57:26.196000,68d7b52d0d33b12757415b50,yuval@ypeleg-eng.co.il,false
"Apoquel 5.4mg (אפוקיוויל 5.4 מ""ג) - 100 יח'",תרופות,סטרואידים ואנטיהיסטמינים,"{""מדי-מרקט"":null,""וט-מרקט"":480}",693589a85b278514796acf34,2025-12-07T14:05:28.106000,2026-01-06T07:36:45.022000,68d7b52d0d33b12757415b50,yuval@ypeleg-eng.co.il,false
"Doxylin Syrup 50Mg/ml 30 ML - (דוקסילין סירופ 50 מ""ג/מ""ל 30 מ""ל)",תרופות,אנטיביוטיקה,"{""מדי-מרקט"":21}",693589a85b278514796acf50,2025-12-07T14:05:28.106000,2026-01-04T16:05:17.269000,68d7b52d0d33b12757415b50,yuval@ypeleg-eng.co.il,false
Depomedrol 40mg (דפומדרול),,תרופה,"{""מדי-מרקט"":34.2}",693589a85b278514796acf57,2025-12-07T14:05:28.106000,2026-01-01T11:26:40.665000,68d7b52d0d33b12757415b50,yuval@ypeleg-eng.co.il,false
"Enrofloxacin Syrup 50mg/ml 30ml (אנרופלוקסצין סירופ 50 מג/מ""""ל 30 מ""""ל) """"",,תרופה,"{""מדי-מרקט"":28,""וט-מרקט"":null}",693589a85b278514796acf30,2025-12-07T14:05:28.106000,2026-01-01T11:26:12.715000,68d7b52d0d33b12757415b50,yuval@ypeleg-eng.co.il,false
wire 0-3 (חוט 0-3),ציוד,ציוד רפואי,"{""מדי-מרקט"":244,""וט-מרקט"":null}",693589a85b278514796acf67,2025-12-07T14:05:28.106000,2026-01-04T14:54:47.617000,68d7b52d0d33b12757415b50,yuval@ypeleg-eng.co.il,false
Izifil (איזיפיל),,מזון,"{}",693589a85b278514796acf28,2025-12-07T14:05:28.106000,2026-01-01T11:26:07.048000,68d7b52d0d33b12757415b50,yuval@ypeleg-eng.co.il,false
Easy Go Micro Enema (איזי גו),,תרופה,"{""מדי-מרקט"":21}",693589a85b278514796acf27,2025-12-07T14:05:28.106000,2026-01-01T11:26:06.361000,68d7b52d0d33b12757415b50,yuval@ypeleg-eng.co.il,false
"Bravecto to cat (ברבקטו חתול 2.8-6.25 ק""ג)",תכשירים,טיפול מונע,"{""מדי-מרקט"":null,""וט-מרקט"":151}",693589a85b278514796acf44,2025-12-07T14:05:28.106000,2026-01-06T08:30:43.763000,68d7b52d0d33b12757415b50,yuval@ypeleg-eng.co.il,false
Dupram V (דופראם וי) - נשימה,,תרופה,"{}",693589a85b278514796acf4f,2025-12-07T14:05:28.106000,2026-01-01T11:26:35.051000,68d7b52d0d33b12757415b50,yuval@ypeleg-eng.co.il,false
"Diphenhydramine 100mg (דיפנהידרמין 100 מג)""""",,תרופה,"{}",693589a85b278514796acf55,2025-12-07T14:05:28.106000,2026-01-01T11:26:39.295000,68d7b52d0d33b12757415b50,yuval@ypeleg-eng.co.il,false
"Infusion extensor 120 cm - 40 pcs (אקסטנסור אינפוזיה 120 ס""מ - 40 יח')",ציוד,ציוד רפואי,"{""מדי-מרקט"":1.54}",693589a85b278514796acf37,2025-12-07T14:05:28.106000,2026-01-04T15:19:37.823000,68d7b52d0d33b12757415b50,yuval@ypeleg-eng.co.il,false
"Bufek Multi-Dose 0.3 mg/ml - 10 ml (בופק רב-מינון 0.3 מ""ג/מ""ל  - 10 מ""ל)",תרופות,,"{""מדי-מרקט"":105}",693589a85b278514796acf39,2025-12-07T14:05:28.106000,2026-01-06T07:23:25.167000,68d7b52d0d33b12757415b50,yuval@ypeleg-eng.co.il,false
Bravecto to dog(ברבקטו לכלב אמפולה 2-4.5),תכשירים,טיפול מונע,"{""מדי-מרקט"":null,""וט-מרקט"":147}",693589a85b278514796acf2d,2025-12-07T14:05:28.106000,2026-01-06T08:32:19.028000,68d7b52d0d33b12757415b50,yuval@ypeleg-eng.co.il,false
Eppendorf type tubes (מבחנה אפנדורף),,ציוד רפואי,"{}",693589a85b278514796acf35,2025-12-07T14:05:28.106000,2026-01-01T11:26:16.246000,68d7b52d0d33b12757415b50,yuval@ypeleg-eng.co.il,false
Blue Vanaflon (וונפלון כחול),ציוד,ציוד רפואי,"{}",693589a85b278514796acf5c,2025-12-07T14:05:28.106000,2026-01-04T14:17:44.844000,68d7b52d0d33b12757415b50,yuval@ypeleg-eng.co.il,false
"Doxylin 100Mg 100 Tabs - (דוקסילין 100 מג טבליות)""""",,תרופה,"{""מדי-מרקט"":130}",693589a85b278514796acf51,2025-12-07T14:05:28.106000,2026-01-01T11:26:36.431000,68d7b52d0d33b12757415b50,yuval@ypeleg-eng.co.il,false
Non-melting thread 0-2 nylon (חוט לא נמס 0-3 ניילון),,ציוד רפואי,"{}",693589a85b278514796acf6a,2025-12-07T14:05:28.106000,2026-01-01T11:26:53.188000,68d7b52d0d33b12757415b50,yuval@ypeleg-eng.co.il,false
Non-melting thread 0-2 nylon (חוט לא נמס 0-2 ניילון),,ציוד רפואי,"{}",693589a85b278514796acf69,2025-12-07T14:05:28.106000,2026-01-01T11:26:52.480000,68d7b52d0d33b12757415b50,yuval@ypeleg-eng.co.il,false
Amox LA 100mg (אמוקסי LA),תרופות,,"{""מדי-מרקט"":null,""וט-מרקט"":48}",693589a85b278514796acf2a,2025-12-07T14:05:28.106000,2026-01-06T07:20:38.576000,68d7b52d0d33b12757415b50,yuval@ypeleg-eng.co.il,false
Green clay 500 grams (חימר ירוק 500 גרם),,ציוד רפואי,"{}",693589a85b278514796acf6f,2025-12-07T14:05:28.106000,2026-01-01T11:26:56.956000,68d7b52d0d33b12757415b50,yuval@ypeleg-eng.co.il,false
Bravecto to dog (ברבקטו לכלב אמפולה 4.5-10 ),תכשירים,טיפול מונע,"{""מדי-מרקט"":null,""וט-מרקט"":157}",693589a85b278514796acf42,2025-12-07T14:05:28.106000,2026-01-06T08:31:56.271000,68d7b52d0d33b12757415b50,yuval@ypeleg-eng.co.il,false
Fusible wire 0-5 (חוט נמס 0-5),ציוד,ציוד רפואי,"{}",693589a85b278514796acf6b,2025-12-07T14:05:28.106000,2026-01-04T15:23:05.725000,68d7b52d0d33b12757415b50,yuval@ypeleg-eng.co.il,false
"Diphenhydramine 100 mg/ml 20 ml (דיפנהידרמין 100 מ""ג/מ""ל 20 מ""ל להזרקה)",תרופות,תרופות בהזרקה,"{""מדי-מרקט"":34}",693589a85b278514796acf54,2025-12-07T14:05:28.106000,2026-01-04T16:56:16.939000,68d7b52d0d33b12757415b50,yuval@ypeleg-eng.co.il,false
wire 0-1 (חוט 0-1),ציוד,ציוד רפואי,"{}",693589a85b278514796acf65,2025-12-07T14:05:28.106000,2026-01-04T14:55:18.095000,68d7b52d0d33b12757415b50,yuval@ypeleg-eng.co.il,false
Gentamicin (ג'נטמיצין),,תרופה,"{}",693589a85b278514796acf46,2025-12-07T14:05:28.106000,2026-01-01T11:26:28.603000,68d7b52d0d33b12757415b50,yuval@ypeleg-eng.co.il,false
"Gabapentin 100 mg - 100 tabs (גבפנטין 100 מ""ג - 100 טבליות)",תרופות,שיכוך כאבים והרגעה,"{""מדי-מרקט"":160}",693589a85b278514796acf48,2025-12-07T14:05:28.106000,2026-01-04T16:41:40.346000,68d7b52d0d33b12757415b50,yuval@ypeleg-eng.co.il,false
"Ivermactin 10Mg/Ml 50 ML inj (איברמקטין 10 מג/מ""""ל 50 מ""""ל)""""",,תרופה,"{""מדי-מרקט"":129}",693589a85b278514796acf25,2025-12-07T14:05:28.106000,2026-01-01T11:26:04.924000,68d7b52d0d33b12757415b50,yuval@ypeleg-eng.co.il,false
"Vetavencid 10mg (וטבנציד 10 מל)""""",,תרופה,"{""מדי-מרקט"":349}",693589a85b278514796acf62,2025-12-07T14:05:28.106000,2026-01-01T11:26:47.607000,68d7b52d0d33b12757415b50,yuval@ypeleg-eng.co.il,false
brown glue (דבק חום),ציוד,ציוד רפואי,"{""מדי-מרקט"":8.5}",693589a85b278514796acf4b,2025-12-07T14:05:28.106000,2026-01-04T14:19:47.139000,68d7b52d0d33b12757415b50,yuval@ypeleg-eng.co.il,false
"Amoxiclav Syrup 150mg/ml 30 Ml (אמוקסי סירופ 150 מ""ג 30 מ""ל) ",תרופות,אנטיביוטיקה,"{""מדי-מרקט"":37,""וט-מרקט"":null}",693589a85b278514796acf2b,2025-12-07T14:05:28.106000,2026-01-04T15:34:29.682000,68d7b52d0d33b12757415b50,yuval@ypeleg-eng.co.il,false
Opthalgin ampoules (אופטלגין/ דפירון אמפולות) הזרקה iv,,תרופה,"{""מדי-מרקט"":28}",693589a85b278514796acf53,2025-12-07T14:05:28.106000,2026-01-01T11:26:37.875000,68d7b52d0d33b12757415b50,yuval@ypeleg-eng.co.il,false
Wire 0 (חוט 0),ציוד,ציוד רפואי,"{}",693589a85b278514796acf64,2025-12-07T14:05:28.106000,2026-01-04T14:55:26.835000,68d7b52d0d33b12757415b50,yuval@ypeleg-eng.co.il,false
"Apoquel 3.6mg (אפוקוויל 3.6 מ""ג) - 100 יח'",תרופות,סטרואידים ואנטיהיסטמינים,"{""מדי-מרקט"":null,""וט-מרקט"":480}",693589a85b278514796acf33,2025-12-07T14:05:28.106000,2026-01-06T07:25:43.247000,68d7b52d0d33b12757415b50,yuval@ypeleg-eng.co.il,false
Bravecto to dog (ברבקטו לכלב אמפולה 20-40 ),תכשירים,טיפול מונע,"{""מדי-מרקט"":null,""וט-מרקט"":179}",693589a85b278514796acf43,2025-12-07T14:05:28.106000,2026-01-06T08:31:43.481000,68d7b52d0d33b12757415b50,yuval@ypeleg-eng.co.il,false
"Dathamcin 10 ml (דתאמצין 10 מל)""""",,תרופה,"{""מדי-מרקט"":19.6}",693589a85b278514796acf59,2025-12-07T14:05:28.106000,2026-01-01T11:26:42.105000,68d7b52d0d33b12757415b50,yuval@ypeleg-eng.co.il,false
"Glucose solution 50% - 500 ml (תמיסה גלוקוז 50% - 500 מל)""""",,תרופה,"{""מדי-מרקט"":35}",693589a85b278514796acf49,2025-12-07T14:05:28.106000,2026-01-01T11:26:30.819000,68d7b52d0d33b12757415b50,yuval@ypeleg-eng.co.il,false
Bravecto to dog (ברבקטו לכלב אמפולה 10-20),תכשירים,טיפול מונע,"{""מדי-מרקט"":null,""וט-מרקט"":167}",693589a85b278514796acf2c,2025-12-07T14:05:28.106000,2026-01-06T08:31:35.911000,68d7b52d0d33b12757415b50,yuval@ypeleg-eng.co.il,false
Pink vanaflon (וונפלון ורוד),,ציוד רפואי,"{}",693589a85b278514796acf5b,2025-12-07T14:05:28.106000,2026-01-01T11:26:42.827000,68d7b52d0d33b12757415b50,yuval@ypeleg-eng.co.il,false
blue robe (חלוק כחול),ציוד,ציוד רפואי,"{""מדי-מרקט"":2.8}",693589a85b278514796acf70,2025-12-07T14:05:28.106000,2026-01-04T14:17:26.886000,68d7b52d0d33b12757415b50,yuval@ypeleg-eng.co.il,false
"Benip Ear Drops 15ML (טיפות אוזניים Benip 15 מ""ל )",תרופות,אוזניים,"{""מדי-מרקט"":25}",693589a85b278514796acf3c,2025-12-07T14:05:28.106000,2026-01-06T07:37:37.740000,68d7b52d0d33b12757415b50,yuval@ypeleg-eng.co.il,false
"Ompredex 20 mg - 30 ps (אומפרדקס 20 מ""ג - 30 יח')",תרופות,גאסטרו,"{""מדי-מרקט"":36,""וט-מרקט"":null}",693589a85b278514796acf1f,2025-12-07T14:05:28.106000,2026-01-04T16:17:30.495000,68d7b52d0d33b12757415b50,yuval@ypeleg-eng.co.il,false
Ethanol 70% - 5 liters (אתנול 70% - 5 ליטר),,ציוד רפואי,"{""מדי-מרקט"":86}",693589a85b278514796acf29,2025-12-07T14:05:28.106000,2026-01-01T11:26:07.743000,68d7b52d0d33b12757415b50,yuval@ypeleg-eng.co.il,false
"Apoquel 16mg (אפוקוויל 16 מ""ג) - 100 יח'",תרופות,סטרואידים ואנטיהיסטמינים,"{""מדי-מרקט"":null,""וט-מרקט"":840}",693589a85b278514796acf32,2025-12-07T14:05:28.106000,2026-01-06T07:25:25.229000,68d7b52d0d33b12757415b50,yuval@ypeleg-eng.co.il,false
"Dexamethasone 10Mg/ml 10Ml inj. (דקסמתסון 10 מג הזרקה)""""",,תרופה,"{""מדי-מרקט"":29}",693589a85b278514796acf58,2025-12-07T14:05:28.106000,2026-01-01T11:26:41.338000,68d7b52d0d33b12757415b50,yuval@ypeleg-eng.co.il,false
vaseline (וזלין),תרופות,תרופות שונות,"{}",693589a85b278514796acf5f,2025-12-07T14:05:28.106000,2026-01-04T14:56:38.612000,68d7b52d0d33b12757415b50,yuval@ypeleg-eng.co.il,false
Danamarin (דנמרין) טבליות 30,,תרופה,"{""מדי-מרקט"":120}",693589a85b278514796acf56,2025-12-07T14:05:28.106000,2026-01-01T11:26:39.978000,68d7b52d0d33b12757415b50,yuval@ypeleg-eng.co.il,false
"Regular puppy food for dogs 1.5 kg (אוכל רגיל לגורים לכלב 1.5 קג)""""",,מזון,"{}",693589a85b278514796acf1c,2025-12-07T14:05:28.106000,2026-01-01T11:25:58.510000,68d7b52d0d33b12757415b50,yuval@ypeleg-eng.co.il,false
Vetrap - long (וט ראפ ארוך),ציוד,ציוד רפואי,"{}",693589a85b278514796acf60,2025-12-07T14:05:28.106000,2026-01-05T09:40:28.285000,68d7b52d0d33b12757415b50,yuval@ypeleg-eng.co.il,false
"Apomorphine 2.5 Mg/Ml 10ML inj (אפומורפין 2.5 מ""ג/מ""ל 10 מ""ל הזרקה)",תרופות,גאסטרו,"{""מדי-מרקט"":89}",693589a85b278514796acf31,2025-12-07T14:05:28.106000,2026-01-04T16:57:02.772000,68d7b52d0d33b12757415b50,yuval@ypeleg-eng.co.il,false
Domitor 1mg/ml 10ml (דומיטור הזרקה),תרופות,שיכוך כאבים והרגעה,"{""מדי-מרקט"":null,""וט-מרקט"":275}",693589a85b278514796acf4e,2025-12-07T14:05:28.106000,2026-01-06T07:19:26.352000,68d7b52d0d33b12757415b50,yuval@ypeleg-eng.co.il,false
"Doxicor 200mg (דוקסיקר 200 נג)""""",,תרופה,"{}",693589a85b278514796acf52,2025-12-07T14:05:28.106000,2026-01-01T11:26:37.112000,68d7b52d0d33b12757415b50,yuval@ypeleg-eng.co.il,false
Calcium gluconate (קלציום גלוקונט),תרופות,תרופות שונות,"{}",693589a85b278514796acf4a,2025-12-07T14:05:28.106000,2026-01-04T14:20:41.052000,68d7b52d0d33b12757415b50,yuval@ypeleg-eng.co.il,false
"Olimus 0.03% ophthalmic solution - 10 ml (אולימוס 0.03% תמיסה לעינייים - 10 מל)""""",,תרופה,"{""מדי-מרקט"":180}",693589a85b278514796acf1d,2025-12-07T14:05:28.106000,2026-01-01T11:25:59.208000,68d7b52d0d33b12757415b50,yuval@ypeleg-eng.co.il,false
wire 0-4 (חוט 0-4),ציוד,ציוד רפואי,"{}",693589a85b278514796acf68,2025-12-07T14:05:28.106000,2026-01-04T14:54:39.951000,68d7b52d0d33b12757415b50,yuval@ypeleg-eng.co.il,false
Bravecto to dog (ברבקטו טב' לכלב 10-20),תכשירים,טיפול מונע,"{""מדי-מרקט"":null,""וט-מרקט"":167}",693589a85b278514796acf3d,2025-12-07T14:05:28.106000,2026-01-06T08:31:18.344000,68d7b52d0d33b12757415b50,yuval@ypeleg-eng.co.il,false
Odourlock Crystallizing Cat Litter (חול חתולים מתגבש Odourlock),,אחר,"{""מדי-מרקט"":null,""וט-מרקט"":49}",693589a85b278514796acf6c,2025-12-07T14:05:28.106000,2026-01-01T11:26:54.669000,68d7b52d0d33b12757415b50,yuval@ypeleg-eng.co.il,false
Autoclave marking tape (סרט סימון לאוטוקלב),ציוד,ציוד רפואי,"{""מדי-מרקט"":16.5}",693589a85b278514796acf4c,2025-12-07T14:05:28.106000,2026-01-04T14:14:44.459000,68d7b52d0d33b12757415b50,yuval@ypeleg-eng.co.il,false
wire 0-2 (חוט 0-2),ציוד,ציוד רפואי,"{""מדי-מרקט"":160}",693589a85b278514796acf66,2025-12-07T14:05:28.106000,2026-01-04T14:55:11.152000,68d7b52d0d33b12757415b50,yuval@ypeleg-eng.co.il,false
"Gabapentin 300mg (גבאפנטין 300 מג טבליות)""""",,תרופה,"{}",693589a85b278514796acf47,2025-12-07T14:05:28.106000,2026-01-01T11:26:29.426000,68d7b52d0d33b12757415b50,yuval@ypeleg-eng.co.il,false
"BUTOMIDOR 10 MG (בטופונול / בוטומידור 10 מ""ג)",תרופות,שיכוך כאבים והרגעה,"{""מדי-מרקט"":255}",693589a85b278514796acf3a,2025-12-07T14:05:28.106000,2026-01-06T07:19:01.629000,68d7b52d0d33b12757415b50,yuval@ypeleg-eng.co.il,false
ANTISEDAN (אנטיסדן),תרופות,שיכוך כאבים והרגעה,"{""מדי-מרקט"":null,""וט-מרקט"":275}",693589a85b278514796acf2e,2025-12-07T14:05:28.106000,2026-01-06T07:18:48.973000,68d7b52d0d33b12757415b50,yuval@ypeleg-eng.co.il,false
Latex gloves 100 pcs - L (כפפות לטקס 100 יח' - L),ציוד,ציוד רפואי,"{""מדי-מרקט"":16}",693589a85b278514796acf76,2025-12-07T14:05:28.106000,2026-01-04T16:48:48.416000,68d7b52d0d33b12757415b50,yuval@ypeleg-eng.co.il,false
"Torsemide 3 mg (טורסמיד 3 מג 60 טבליות)""""",,תרופה,"{""מדי-מרקט"":185}",693589a85b278514796acf71,2025-12-07T14:05:28.106000,2026-01-01T11:26:58.294000,68d7b52d0d33b12757415b50,yuval@ypeleg-eng.co.il,false
"Compound drops 15 mg  (טיפות מורכבות לאוזנים 15 מ""ג)",תרופות,אוזניים,"{""מדי-מרקט"":30}",693589a85b278514796acf72,2025-12-07T14:05:28.106000,2026-01-06T07:37:47.939000,68d7b52d0d33b12757415b50,yuval@ypeleg-eng.co.il,false
"Sterile urine cup 125 ml red screw cap (כוס שתן סטרילי 125 מ""ל מכסה הברגה אדום)",ציוד,ציוד רפואי,"{""מדי-מרקט"":1.2,""וט-מרקט"":null}",693589a85b278514796acf74,2025-12-07T14:05:28.106000,2026-01-04T16:57:36.511000,68d7b52d0d33b12757415b50,yuval@ypeleg-eng.co.il,false
Sterile 6 surgical gloves (כפפות ניתוח 6 סטריליות),ציוד,ציוד רפואי,"{""מדי-מרקט"":1.5}",693589a85b278514796acf75,2025-12-07T14:05:28.106000,2026-01-04T16:52:38.320000,68d7b52d0d33b12757415b50,yuval@ypeleg-eng.co.il,false
iodine (יוד),,ציוד רפואי,"{}",693589a85b278514796acf73,2025-12-07T14:05:28.106000,2026-01-01T11:26:59.821000,68d7b52d0d33b12757415b50,yuval@ypeleg-eng.co.il,false
Yellow VB-1 test tube - 500 pcs (מבחנה VB-1 צהובה - 500 יח'),,ציוד רפואי,"{""מדי-מרקט"":140}",693589a85b278514796acf7f,2025-12-07T14:05:28.106000,2026-01-01T11:27:08.225000,68d7b52d0d33b12757415b50,yuval@ypeleg-eng.co.il,false
Blue test tube (מבחנה כחולה),ציוד,ציוד רפואי,"{}",693589a85b278514796acf7e,2025-12-07T14:05:28.106000,2026-01-04T14:17:37.674000,68d7b52d0d33b12757415b50,yuval@ypeleg-eng.co.il,false
"Lidocaine 2% 10 ML X 5 Amp (לידוקאין 2% 10 מ""ל X 5 0 אמפולות)",תרופות,תרופות בהזרקה,"{""מדי-מרקט"":31.5}",693589a85b278514796acf7b,2025-12-07T14:05:28.106000,2026-01-04T15:42:48.732000,68d7b52d0d33b12757415b50,yuval@ypeleg-eng.co.il,false
EDTA counting tubes - 50 pcs (מבחנות ספירה EDTA סגול- 50 יח'),ציוד,ציוד רפואי,"{""מדי-מרקט"":84,""וט-מרקט"":null}",693589a85b278514796acf81,2025-12-07T14:05:28.106000,2026-01-04T16:49:21.756000,68d7b52d0d33b12757415b50,yuval@ypeleg-eng.co.il,false
Chemistry test tubes -50 pcs (מבחנות כימיה -50 יח'),ציוד,ציוד רפואי,"{}",693589a85b278514796acf80,2025-12-07T14:05:28.106000,2026-01-04T16:45:04.927000,68d7b52d0d33b12757415b50,yuval@ypeleg-eng.co.il,false
thermometer (מד חום),ציוד,ציוד רפואי,"{""מדי-מרקט"":12}",693589a85b278514796acf82,2025-12-07T14:05:28.106000,2026-01-04T14:58:30.774000,68d7b52d0d33b12757415b50,yuval@ypeleg-eng.co.il,false
Latex gloves 100 pcs - M (כפפות לטקס 100 יח' - M),ציוד,ציוד רפואי,"{""מדי-מרקט"":16}",693589a85b278514796acf77,2025-12-07T14:05:28.106000,2026-01-04T16:48:36.736000,68d7b52d0d33b12757415b50,yuval@ypeleg-eng.co.il,false
Line (ליין),,ציוד רפואי,"{}",693589a85b278514796acf7d,2025-12-07T14:05:28.106000,2026-01-01T11:27:06.797000,68d7b52d0d33b12757415b50,yuval@ypeleg-eng.co.il,false
"Levothyroxine 0.6 mg - 100 units (לבוטירוקסין 0.6 מ""ג - 100 יח')",תרופות,תרופות שונות,"{""מדי-מרקט"":140}",693589a85b278514796acf79,2025-12-07T14:05:28.106000,2026-01-05T14:10:23.760000,68d7b52d0d33b12757415b50,yuval@ypeleg-eng.co.il,false
Latex gloves 100 pcs - S (לטקס 100 יח' - S),,ציוד רפואי,"{""מדי-מרקט"":23.6}",693589a85b278514796acf78,2025-12-07T14:05:28.106000,2026-01-01T11:27:03.294000,68d7b52d0d33b12757415b50,yuval@ypeleg-eng.co.il,false
"Tuberculin syringe 1 ml - 100 pcs (מזרק טוברקולין 1 מ""ל - 100 יח)",ציוד,ציוד רפואי,"{""מדי-מרקט"":15}",693589a85b278514796acf84,2025-12-07T14:05:28.106000,2026-01-04T16:59:33.362000,68d7b52d0d33b12757415b50,yuval@ypeleg-eng.co.il,false
Lubrican (לובריקן),,ציוד רפואי,"{}",693589a85b278514796acf7a,2025-12-07T14:05:28.106000,2026-01-01T11:27:04.681000,68d7b52d0d33b12757415b50,yuval@ypeleg-eng.co.il,false
Liz to the lab (ליז למעבדה),,ציוד רפואי,"{""מדי-מרקט"":454}",693589a85b278514796acf7c,2025-12-07T14:05:28.106000,2026-01-01T11:27:06.067000,68d7b52d0d33b12757415b50,yuval@ypeleg-eng.co.il,false
Augmentin 875mg מג 14 טבליות (אוגמנטין),תרופות,אנטיביוטיקה,"{""מדי-מרקט"":34}",693589a85b278514796acf17,2025-12-07T14:05:28.105000,2026-01-05T15:24:12.217000,68d7b52d0d33b12757415b50,yuval@ypeleg-eng.co.il,false
G.P.B Cream Jar 50ML,תרופות,עור,"{""מדי-מרקט"":23.5}",693589a85b278514796acf0b,2025-12-07T14:05:28.105000,2026-01-04T16:05:50.890000,68d7b52d0d33b12757415b50,yuval@ypeleg-eng.co.il,false
D/C חתול,מזון,מזון רפואי,"{}",693589a85b278514796acf03,2025-12-07T14:05:28.105000,2026-01-04T14:53:14.740000,68d7b52d0d33b12757415b50,yuval@ypeleg-eng.co.il,false
"Royal Canin Intestinal Cats 2 kg (רויאל קנין אינטסטינל חתולים 2 קג)""""",מזון,מזון רפואי,"{}",693589a85b278514796acf04,2025-12-07T14:05:28.105000,2026-01-04T15:53:59.069000,68d7b52d0d33b12757415b50,yuval@ypeleg-eng.co.il,false
Azithromycin Syrup 25Mg/ml 30 ML (אזיטרומיצין),תרופות,אנטיביוטיקה,"{""מדי-מרקט"":48}",693589a85b278514796aceff,2025-12-07T14:05:28.105000,2026-01-04T14:15:46.657000,68d7b52d0d33b12757415b50,yuval@ypeleg-eng.co.il,false
"Canned food for dogs and cats 200 mg - A/D (שימורים לכלב ולחתול 200 מג - A/D)""""",מזון,מזון רפואי,"{""מדי-מרקט"":14.4}",693589a85b278514796acf09,2025-12-07T14:05:28.105000,2026-01-04T14:21:47.050000,68d7b52d0d33b12757415b50,yuval@ypeleg-eng.co.il,false
"Advantage (אדוונטג') לכלב עד 4 קג""""",תכשירים,טיפול מונע,"{""מדי-מרקט"":95}",693589a85b278514796acf14,2025-12-07T14:05:28.105000,2026-01-04T14:09:44.767000,68d7b52d0d33b12757415b50,yuval@ypeleg-eng.co.il,false
K/D ) Dog 354 gramsK/D כלב 354 גרם - רנאל),מזון,מזון רפואי,"{""מדי-מרקט"":17.2}",693589a85b278514796acf08,2025-12-07T14:05:28.105000,2026-01-05T09:45:04.457000,68d7b52d0d33b12757415b50,yuval@ypeleg-eng.co.il,false
"Advantage (אדוונטג') לכלב 10-25 ק""ג",תכשירים,טיפול מונע,"{""מדי-מרקט"":111}",693589a85b278514796acf15,2025-12-07T14:05:28.105000,2026-01-06T09:03:50.643000,68d7b52d0d33b12757415b50,yuval@ypeleg-eng.co.il,false
"Advantage (אדוונטג') חתול 4 ק""ג ומעלה",תכשירים,טיפול מונע,"{""מדי-מרקט"":104}",693589a85b278514796acf10,2025-12-07T14:05:28.105000,2026-01-06T09:03:19.736000,68d7b52d0d33b12757415b50,yuval@ypeleg-eng.co.il,false
(Augmentin) אוגמנטין להכנה 10 יח',תרופות,אנטיביוטיקה,"{""מדי-מרקט"":125}",693589a85b278514796acf18,2025-12-07T14:05:28.105000,2026-01-05T15:24:28.128000,68d7b52d0d33b12757415b50,yuval@ypeleg-eng.co.il,false
"Advantage (אדוונטג') לכלב 25-40 ק""ג",תכשירים,טיפול מונע,"{}",693589a85b278514796acf12,2025-12-07T14:05:28.105000,2026-01-06T09:03:59.174000,68d7b52d0d33b12757415b50,yuval@ypeleg-eng.co.il,false
"Therios 75 mg  (טריוס 75 מ""ג)",תרופות,,"{""מדי-מרקט"":230}",693589a85b278514796acf0f,2025-12-07T14:05:28.105000,2026-01-06T07:24:01.027000,68d7b52d0d33b12757415b50,yuval@ypeleg-eng.co.il,false
Can of I/D wet dog food (פחית I/D רטוב כלב 360 DRO),מזון,מזון רפואי,"{""מדי-מרקט"":13.8}",693589a85b278514796acf07,2025-12-07T14:05:28.105000,2026-01-04T14:20:58.851000,68d7b52d0d33b12757415b50,yuval@ypeleg-eng.co.il,false
"Royal Canin Gastro Dog 2 kg (גסטרו כלב רויאל קנין 2 קג)""""",,מזון,"{}",693589a85b278514796acf05,2025-12-07T14:05:28.105000,2026-01-01T11:27:15.448000,68d7b52d0d33b12757415b50,yuval@ypeleg-eng.co.il,false
"Therios 300 mg (טריוס 300 מ""ג)",תרופות,,"{""מדי-מרקט"":358,""וט-מרקט"":null}",693589a85b278514796acf0e,2025-12-07T14:05:28.105000,2026-01-06T07:23:55.302000,68d7b52d0d33b12757415b50,yuval@ypeleg-eng.co.il,false
"Ondansetron 8 mg/4 mg - 5 ampoules(אונדנסטרון 8 מג/4 מ""""ג  - 5 אמפולות - זופרן)""""",,תרופה,"{""מדי-מרקט"":40}",693589a85b278514796acf19,2025-12-07T14:05:28.105000,2026-01-01T11:27:29.639000,68d7b52d0d33b12757415b50,yuval@ypeleg-eng.co.il,false
Can of I/D wet cat food (פחית I/D רטוב חתול),מזון,מזון רפואי,"{""מדי-מרקט"":9.9}",693589a85b278514796acf06,2025-12-07T14:05:28.105000,2026-01-04T14:20:51.017000,68d7b52d0d33b12757415b50,yuval@ypeleg-eng.co.il,false
"Advantage (אדוונטג') לכלב 4-10 קג""""",תכשירים,טיפול מונע,"{""מדי-מרקט"":100}",693589a85b278514796acf13,2025-12-07T14:05:28.105000,2026-01-04T14:09:35.993000,68d7b52d0d33b12757415b50,yuval@ypeleg-eng.co.il,false
N.E.P Cream Jar 50 ML,,תרופה,"{""מדי-מרקט"":24}",693589a85b278514796acf0d,2025-12-07T14:05:28.105000,2026-01-01T11:27:21.131000,68d7b52d0d33b12757415b50,yuval@ypeleg-eng.co.il,false
"Adrenaline 1 Mg/Ml X Amp (אדרנלין  1 מ""ג/מ""ל - אמפולות)",תרופות,תרופות שונות,"{""מדי-מרקט"":17,""וט-מרקט"":null}",693589a85b278514796acf16,2025-12-07T14:05:28.105000,2026-01-06T07:19:43.498000,68d7b52d0d33b12757415b50,yuval@ypeleg-eng.co.il,false
"Advantage (אדוונטג') חתול עד 4 ק""ג",תכשירים,טיפול מונע,"{""מדי-מרקט"":100}",693589a85b278514796acf11,2025-12-07T14:05:28.105000,2026-01-06T09:03:35.986000,68d7b52d0d33b12757415b50,yuval@ypeleg-eng.co.il,false
"Cephacare 500 mg - 100 Tabs  (צפקר 500 מ""ג - 100 טבליות)",תרופות,אנטיביוטיקה,"{""מדי-מרקט"":170}",693589a85b278514796acf02,2025-12-07T14:05:28.105000,2026-01-04T15:32:59.350000,68d7b52d0d33b12757415b50,yuval@ypeleg-eng.co.il,false
חיסון DP,תרופות,תרופות בהזרקה,"{}",693589a85b278514796acf0a,2025-12-07T14:05:28.105000,2026-01-05T15:11:54.044000,68d7b52d0d33b12757415b50,yuval@ypeleg-eng.co.il,false
"Cephacare 1000 mg - 100 Tabs (צפקר 1000 מ""ג)",תרופות,אנטיביוטיקה,"{""מדי-מרקט"":350}",693589a85b278514796acf01,2025-12-07T14:05:28.105000,2026-01-06T07:17:36.566000,68d7b52d0d33b12757415b50,yuval@ypeleg-eng.co.il,false
G.P.B Cream Jar 30ML,תרופות,עור,"{""מדי-מרקט"":null,""וט-מרקט"":34}",693589a85b278514796acf0c,2025-12-07T14:05:28.105000,2026-01-04T15:23:30.814000,68d7b52d0d33b12757415b50,yuval@ypeleg-eng.co.il,false